fecha,valor
1999-01-22,937.0
1999-02-01,790.0
1999-02-02,769.0
1999-02-03,772.0
1999-02-04,777.0
1999-02-05,784.0
1999-02-08,810.0
1999-02-09,815.0
1999-02-10,795.0
1999-02-11,759.0
1999-02-12,742.0
1999-02-15,751.0
1999-02-16,724.0
1999-02-17,747.0
1999-02-18,753.0
1999-02-19,747.0
1999-02-22,762.0
1999-02-23,766.0
1999-02-24,767.0
1999-02-25,775.0
1999-02-26,786.0
1999-03-01,766.0
1999-03-02,799.0
1999-03-03,780.0
1999-03-04,748.0
1999-03-05,744.0
1999-03-08,742.0
1999-03-09,738.0
1999-03-10,716.0
1999-03-11,719.0
1999-03-12,709.0
1999-03-15,687.0
1999-03-16,700.0
1999-03-17,697.0
1999-03-18,689.0
1999-03-19,683.0
1999-03-22,682.0
1999-03-23,704.0
1999-03-24,698.0
1999-03-25,687.0
1999-03-26,689.0
1999-03-29,693.0
1999-03-30,696.0
1999-03-31,683.0
1999-04-01,661.0
1999-04-02,672.0
1999-04-05,660.0
1999-04-06,669.0
1999-04-07,643.0
1999-04-08,641.0
1999-04-09,641.0
1999-04-12,615.0
1999-04-13,611.0
1999-04-14,621.0
1999-04-15,623.0
1999-04-16,597.0
1999-04-19,612.0
1999-04-20,608.0
1999-04-21,597.0
1999-04-22,603.0
1999-04-23,622.0
1999-04-26,607.0
1999-04-27,615.0
1999-04-28,635.0
1999-04-29,621.0
1999-04-30,589.0
1999-05-03,585.0
1999-05-04,587.0
1999-05-05,591.0
1999-05-06,586.0
1999-05-07,576.0
1999-05-10,581.0
1999-05-11,610.0
1999-05-12,613.0
1999-05-13,623.0
1999-05-14,620.0
1999-05-17,657.0
1999-05-18,658.0
1999-05-19,718.0
1999-05-20,746.0
1999-05-21,775.0
1999-05-24,820.0
1999-05-25,806.0
1999-05-26,734.0
1999-05-27,783.0
1999-05-28,778.0
1999-06-01,790.0
1999-06-02,776.0
1999-06-03,770.0
1999-06-04,751.0
1999-06-07,738.0
1999-06-08,743.0
1999-06-09,750.0
1999-06-10,753.0
1999-06-11,768.0
1999-06-14,764.0
1999-06-15,754.0
1999-06-16,723.0
1999-06-17,729.0
1999-06-18,735.0
1999-06-21,726.0
1999-06-22,749.0
1999-06-23,732.0
1999-06-24,733.0
1999-06-25,745.0
1999-06-28,770.0
1999-06-29,761.0
1999-06-30,760.0
1999-07-01,777.0
1999-07-02,778.0
1999-07-05,779.0
1999-07-06,781.0
1999-07-07,789.0
1999-07-08,847.0
1999-07-09,890.0
1999-07-12,947.0
1999-07-13,923.0
1999-07-14,870.0
1999-07-15,890.0
1999-07-16,879.0
1999-07-19,868.0
1999-07-20,882.0
1999-07-21,888.0
1999-07-22,873.0
1999-07-23,885.0
1999-07-26,896.0
1999-07-27,887.0
1999-07-28,873.0
1999-07-29,856.0
1999-07-30,848.0
1999-08-02,874.0
1999-08-03,894.0
1999-08-04,907.0
1999-08-05,909.0
1999-08-06,905.0
1999-08-09,901.0
1999-08-10,900.0
1999-08-11,886.0
1999-08-12,853.0
1999-08-13,840.0
1999-08-16,833.0
1999-08-17,808.0
1999-08-18,837.0
1999-08-19,853.0
1999-08-20,852.0
1999-08-23,845.0
1999-08-24,845.0
1999-08-25,812.0
1999-08-26,811.0
1999-08-27,789.0
1999-08-30,786.0
1999-08-31,764.0
1999-09-01,763.0
1999-09-02,769.0
1999-09-03,765.0
1999-09-06,759.0
1999-09-07,739.0
1999-09-08,734.0
1999-09-09,706.0
1999-09-10,684.0
1999-09-13,689.0
1999-09-14,691.0
1999-09-15,704.0
1999-09-16,714.0
1999-09-17,701.0
1999-09-20,687.0
1999-09-21,705.0
1999-09-22,700.0
1999-09-23,694.0
1999-09-24,693.0
1999-09-27,680.0
1999-09-28,681.0
1999-09-29,669.0
1999-09-30,677.0
1999-10-01,668.0
1999-10-04,653.0
1999-10-05,658.0
1999-10-06,645.0
1999-10-07,642.0
1999-10-08,645.0
1999-10-11,644.0
1999-10-12,669.0
1999-10-13,677.0
1999-10-14,672.0
1999-10-15,696.0
1999-10-18,688.0
1999-10-19,671.0
1999-10-20,662.0
1999-10-21,639.0
1999-10-22,613.0
1999-10-25,620.0
1999-10-26,607.0
1999-10-27,621.0
1999-10-28,564.0
1999-10-29,635.0
1999-11-01,628.0
1999-11-02,629.0
1999-11-03,633.0
1999-11-04,618.0
1999-11-05,622.0
1999-11-08,615.0
1999-11-09,614.0
1999-11-10,617.0
1999-11-11,616.0
1999-11-12,617.0
1999-11-15,628.0
1999-11-16,620.0
1999-11-17,647.0
1999-11-18,642.0
1999-11-19,667.0
1999-11-22,652.0
1999-11-23,645.0
1999-11-24,641.0
1999-11-25,631.0
1999-11-26,641.0
1999-11-29,630.0
1999-11-30,657.0
1999-12-01,656.0
1999-12-02,646.0
1999-12-03,629.0
1999-12-06,633.0
1999-12-07,618.0
1999-12-08,620.0
1999-12-09,615.0
1999-12-10,607.0
1999-12-13,584.0
1999-12-14,580.0
1999-12-15,567.0
1999-12-16,570.0
1999-12-17,566.0
1999-12-20,570.0
1999-12-21,543.0
1999-12-22,547.0
1999-12-23,545.0
1999-12-24,546.0
1999-12-27,549.0
1999-12-28,544.0
1999-12-29,542.0
1999-12-30,544.0
1999-12-31,531.0
2000-01-03,509.0
2000-01-04,558.0
2000-01-05,540.0
2000-01-06,566.0
2000-01-07,558.0
2000-01-10,558.0
2000-01-11,560.0
2000-01-12,561.0
2000-01-13,551.0
2000-01-14,545.0
2000-01-18,540.0
2000-01-19,546.0
2000-01-20,548.0
2000-01-21,545.0
2000-01-24,558.0
2000-01-25,561.0
2000-01-26,567.0
2000-01-27,571.0
2000-01-28,592.0
2000-01-31,593.0
2000-02-01,583.0
2000-02-02,588.0
2000-02-03,595.0
2000-02-04,569.0
2000-02-07,547.0
2000-02-08,549.0
2000-02-09,549.0
2000-02-10,544.0
2000-02-11,551.0
2000-02-14,553.0
2000-02-15,548.0
2000-02-16,551.0
2000-02-17,550.0
2000-02-18,563.0
2000-02-22,581.0
2000-02-23,562.0
2000-02-24,568.0
2000-02-25,560.0
2000-02-28,548.0
2000-02-29,545.0
2000-03-01,550.0
2000-03-02,531.0
2000-03-03,524.0
2000-03-06,530.0
2000-03-07,530.0
2000-03-08,528.0
2000-03-09,527.0
2000-03-10,526.0
2000-03-13,537.0
2000-03-14,541.0
2000-03-15,548.0
2000-03-16,547.0
2000-03-17,542.0
2000-03-20,540.0
2000-03-21,539.0
2000-03-22,535.0
2000-03-23,536.0
2000-03-24,524.0
2000-03-27,522.0
2000-03-28,535.0
2000-03-29,545.0
2000-03-30,570.0
2000-03-31,570.0
2000-04-03,579.0
2000-04-04,595.0
2000-04-05,601.0
2000-04-06,592.0
2000-04-07,594.0
2000-04-10,607.0
2000-04-11,601.0
2000-04-12,599.0
2000-04-13,602.0
2000-04-14,618.0
2000-04-17,598.0
2000-04-18,578.0
2000-04-19,595.0
2000-04-20,596.0
2000-04-21,598.0
2000-04-25,567.0
2000-04-26,573.0
2000-04-27,570.0
2000-04-28,570.0
2000-05-01,560.0
2000-05-02,568.0
2000-05-03,578.0
2000-05-04,588.0
2000-05-05,600.0
2000-05-08,605.0
2000-05-09,629.0
2000-05-10,672.0
2000-05-11,695.0
2000-05-12,712.0
2000-05-15,718.0
2000-05-16,711.0
2000-05-17,712.0
2000-05-18,713.0
2000-05-19,757.0
2000-05-22,762.0
2000-05-23,770.0
2000-05-24,727.0
2000-05-25,731.0
2000-05-26,725.0
2000-05-29,719.0
2000-05-30,690.0
2000-05-31,703.0
2000-06-01,689.0
2000-06-02,646.0
2000-06-05,656.0
2000-06-06,679.0
2000-06-07,672.0
2000-06-08,667.0
2000-06-09,662.0
2000-06-12,668.0
2000-06-13,651.0
2000-06-14,645.0
2000-06-15,657.0
2000-06-16,663.0
2000-06-19,659.0
2000-06-20,661.0
2000-06-21,652.0
2000-06-22,680.0
2000-06-23,685.0
2000-06-26,691.0
2000-06-27,686.0
2000-06-28,679.0
2000-06-29,688.0
2000-06-30,687.0
2000-07-03,670.0
2000-07-04,672.0
2000-07-05,658.0
2000-07-06,647.0
2000-07-07,652.0
2000-07-10,651.0
2000-07-11,652.0
2000-07-12,636.0
2000-07-13,632.0
2000-07-14,621.0
2000-07-17,620.0
2000-07-18,630.0
2000-07-19,637.0
2000-07-20,644.0
2000-07-21,642.0
2000-07-24,639.0
2000-07-25,639.0
2000-07-26,644.0
2000-07-27,652.0
2000-07-28,654.0
2000-07-31,650.0
2000-08-01,665.0
2000-08-02,669.0
2000-08-03,665.0
2000-08-04,662.0
2000-08-07,664.0
2000-08-08,674.0
2000-08-09,655.0
2000-08-10,668.0
2000-08-11,658.0
2000-08-14,660.0
2000-08-15,686.0
2000-08-16,684.0
2000-08-17,696.0
2000-08-18,717.0
2000-08-21,726.0
2000-08-22,710.0
2000-08-23,716.0
2000-08-24,713.0
2000-08-25,701.0
2000-08-28,701.0
2000-08-29,701.0
2000-08-30,691.0
2000-08-31,686.0
2000-09-01,669.0
2000-09-05,674.0
2000-09-06,654.0
2000-09-07,664.0
2000-09-08,667.0
2000-09-11,673.0
2000-09-12,684.0
2000-09-13,682.0
2000-09-14,674.0
2000-09-15,677.0
2000-09-18,690.0
2000-09-19,696.0
2000-09-20,694.0
2000-09-21,702.0
2000-09-22,682.0
2000-09-25,686.0
2000-09-26,690.0
2000-09-27,681.0
2000-09-28,668.0
2000-09-29,673.0
2000-10-02,675.0
2000-10-03,663.0
2000-10-04,655.0
2000-10-05,658.0
2000-10-06,685.0
2000-10-09,686.0
2000-10-10,692.0
2000-10-11,695.0
2000-10-12,719.0
2000-10-13,733.0
2000-10-16,736.0
2000-10-17,774.0
2000-10-18,787.0
2000-10-19,776.0
2000-10-20,820.0
2000-10-23,828.0
2000-10-24,850.0
2000-10-25,894.0
2000-10-26,846.0
2000-10-27,832.0
2000-10-30,833.0
2000-10-31,816.0
2000-11-01,826.0
2000-11-02,839.0
2000-11-03,886.0
2000-11-06,910.0
2000-11-07,915.0
2000-11-08,992.0
2000-11-09,943.0
2000-11-10,868.0
2000-11-13,847.0
2000-11-14,826.0
2000-11-15,803.0
2000-11-16,834.0
2000-11-17,841.0
2000-11-20,813.0
2000-11-21,823.0
2000-11-22,845.0
2000-11-23,863.0
2000-11-24,840.0
2000-11-27,852.0
2000-11-28,865.0
2000-11-29,848.0
2000-11-30,855.0
2000-12-01,848.0
2000-12-04,845.0
2000-12-05,841.0
2000-12-06,833.0
2000-12-07,822.0
2000-12-08,812.0
2000-12-11,794.0
2000-12-12,810.0
2000-12-13,824.0
2000-12-14,830.0
2000-12-15,813.0
2000-12-18,805.0
2000-12-19,777.0
2000-12-20,790.0
2000-12-21,791.0
2000-12-22,779.0
2000-12-26,772.0
2000-12-27,769.0
2000-12-28,765.0
2000-12-29,766.0
2001-01-02,792.0
2001-01-03,728.0
2001-01-04,727.0
2001-01-05,740.0
2001-01-08,737.0
2001-01-09,720.0
2001-01-10,712.0
2001-01-11,706.0
2001-01-12,695.0
2001-01-15,696.0
2001-01-16,701.0
2001-01-17,691.0
2001-01-18,696.0
2001-01-19,700.0
2001-01-22,691.0
2001-01-23,678.0
2001-01-24,676.0
2001-01-25,683.0
2001-01-26,672.0
2001-01-29,654.0
2001-01-30,664.0
2001-01-31,670.0
2001-02-01,660.0
2001-02-02,658.0
2001-02-05,665.0
2001-02-06,675.0
2001-02-07,678.0
2001-02-08,682.0
2001-02-09,683.0
2001-02-12,690.0
2001-02-13,684.0
2001-02-14,676.0
2001-02-15,676.0
2001-02-16,698.0
2001-02-19,698.0
2001-02-20,720.0
2001-02-21,739.0
2001-02-22,732.0
2001-02-23,741.0
2001-02-26,759.0
2001-02-27,796.0
2001-02-28,793.0
2001-03-01,789.0
2001-03-02,767.0
2001-03-05,725.0
2001-03-06,725.0
2001-03-07,733.0
2001-03-08,761.0
2001-03-09,736.0
2001-03-12,769.0
2001-03-13,777.0
2001-03-14,798.0
2001-03-15,837.0
2001-03-16,850.0
2001-03-19,898.0
2001-03-20,886.0
2001-03-21,898.0
2001-03-22,964.0
2001-03-23,984.0
2001-03-26,928.0
2001-03-27,899.0
2001-03-28,898.0
2001-03-29,918.0
2001-03-30,945.0
2001-04-02,944.0
2001-04-03,946.0
2001-04-04,939.0
2001-04-05,916.0
2001-04-06,897.0
2001-04-09,862.0
2001-04-10,831.0
2001-04-11,852.0
2001-04-12,857.0
2001-04-16,899.0
2001-04-17,889.0
2001-04-18,896.0
2001-04-19,937.0
2001-04-20,1046.0
2001-04-23,1284.0
2001-04-24,1195.0
2001-04-25,1147.0
2001-04-26,1076.0
2001-04-27,1000.0
2001-04-30,1042.0
2001-05-01,1070.0
2001-05-02,1091.0
2001-05-03,1057.0
2001-05-04,1031.0
2001-05-07,975.0
2001-05-08,990.0
2001-05-09,1008.0
2001-05-10,989.0
2001-05-11,1048.0
2001-05-14,1093.0
2001-05-15,1056.0
2001-05-16,1007.0
2001-05-17,991.0
2001-05-18,958.0
2001-05-21,930.0
2001-05-22,924.0
2001-05-23,933.0
2001-05-24,921.0
2001-05-25,921.0
2001-05-28,921.0
2001-05-29,925.0
2001-05-30,969.0
2001-05-31,981.0
2001-06-01,1019.0
2001-06-04,955.0
2001-06-05,913.0
2001-06-06,911.0
2001-06-07,889.0
2001-06-08,879.0
2001-06-11,883.0
2001-06-12,910.0
2001-06-13,922.0
2001-06-14,937.0
2001-06-15,927.0
2001-06-18,1000.0
2001-06-19,986.0
2001-06-20,975.0
2001-06-21,971.0
2001-06-22,990.0
2001-06-25,974.0
2001-06-26,982.0
2001-06-27,999.0
2001-06-28,1009.0
2001-06-29,1025.0
2001-07-02,1062.0
2001-07-03,1079.0
2001-07-04,1094.0
2001-07-05,1165.0
2001-07-06,1132.0
2001-07-09,1158.0
2001-07-10,1217.0
2001-07-11,1290.0
2001-07-12,1519.0
2001-07-13,1616.0
2001-07-16,1629.0
2001-07-17,1439.0
2001-07-18,1537.0
2001-07-19,1593.0
2001-07-20,1488.0
2001-07-23,1377.0
2001-07-24,1415.0
2001-07-25,1390.0
2001-07-26,1510.0
2001-07-27,1612.0
2001-07-30,1571.0
2001-07-31,1604.0
2001-08-01,1688.0
2001-08-02,1601.0
2001-08-03,1557.0
2001-08-06,1610.0
2001-08-07,1572.0
2001-08-08,1490.0
2001-08-09,1466.0
2001-08-10,1392.0
2001-08-13,1424.0
2001-08-14,1501.0
2001-08-15,1453.0
2001-08-16,1393.0
2001-08-17,1502.0
2001-08-20,1555.0
2001-08-21,1651.0
2001-08-22,1450.0
2001-08-23,1427.0
2001-08-24,1443.0
2001-08-27,1457.0
2001-08-28,1414.0
2001-08-29,1386.0
2001-08-30,1405.0
2001-08-31,1408.0
2001-09-03,1408.0
2001-09-04,1391.0
2001-09-05,1392.0
2001-09-06,1455.0
2001-09-07,1489.0
2001-09-10,1486.0
2001-09-11,1478.0
2001-09-12,1478.0
2001-09-13,1478.0
2001-09-14,1478.0
2001-09-17,1652.0
2001-09-18,1618.0
2001-09-19,1592.0
2001-09-20,1612.0
2001-09-21,1637.0
2001-09-24,1612.0
2001-09-25,1602.0
2001-09-26,1639.0
2001-09-27,1647.0
2001-09-28,1595.0
2001-10-01,1661.0
2001-10-02,1687.0
2001-10-03,1754.0
2001-10-04,1842.0
2001-10-05,1868.0
2001-10-08,1876.0
2001-10-09,1893.0
2001-10-10,1859.0
2001-10-11,1825.0
2001-10-12,1832.0
2001-10-15,1824.0
2001-10-16,1770.0
2001-10-17,1686.0
2001-10-18,1727.0
2001-10-19,1693.0
2001-10-22,1670.0
2001-10-23,1700.0
2001-10-24,1727.0
2001-10-25,1769.0
2001-10-26,1824.0
2001-10-29,2003.0
2001-10-30,2032.0
2001-10-31,2136.0
2001-11-01,2295.0
2001-11-02,2441.0
2001-11-05,2458.0
2001-11-06,2363.0
2001-11-07,2354.0
2001-11-08,2351.0
2001-11-09,2438.0
2001-11-12,2504.0
2001-11-13,2542.0
2001-11-14,2664.0
2001-11-15,2683.0
2001-11-16,2764.0
2001-11-19,2966.0
2001-11-20,3071.0
2001-11-21,3026.0
2001-11-22,3028.0
2001-11-23,2961.0
2001-11-26,2772.0
2001-11-27,2910.0
2001-11-28,2952.0
2001-11-29,3242.0
2001-11-30,3340.0
2001-12-03,3196.0
2001-12-04,4040.0
2001-12-05,4020.0
2001-12-06,3988.0
2001-12-07,4149.0
2001-12-10,4220.0
2001-12-11,4162.0
2001-12-12,4044.0
2001-12-13,4059.0
2001-12-14,4160.0
2001-12-17,4127.0
2001-12-18,4125.0
2001-12-19,4212.0
2001-12-20,4449.0
2001-12-21,4722.0
2001-12-24,5083.0
2001-12-25,5495.0
2001-12-26,5470.0
2001-12-27,5464.0
2001-12-28,5172.0
2001-12-31,4404.0
2002-01-02,4376.0
2002-01-03,4128.0
2002-01-04,3983.0
2002-01-07,3975.0
2002-01-08,4050.0
2002-01-09,4460.0
2002-01-10,4484.0
2002-01-11,4542.0
2002-01-14,4556.0
2002-01-15,4626.0
2002-01-16,4531.0
2002-01-17,4581.0
2002-01-18,4656.0
2002-01-21,4553.0
2002-01-22,4454.0
2002-01-23,4287.0
2002-01-24,4210.0
2002-01-25,4156.0
2002-01-28,4101.0
2002-01-29,4123.0
2002-01-30,4129.0
2002-01-31,4352.0
2002-02-01,4497.0
2002-02-04,4581.0
2002-02-05,4457.0
2002-02-06,4471.0
2002-02-07,4511.0
2002-02-08,4412.0
2002-02-11,4350.0
2002-02-12,4235.0
2002-02-13,4100.0
2002-02-14,4013.0
2002-02-15,3943.0
2002-02-18,4026.0
2002-02-19,3987.0
2002-02-20,3992.0
2002-02-21,4092.0
2002-02-22,4171.0
2002-02-25,4087.0
2002-02-26,4112.0
2002-02-27,4123.0
2002-02-28,4098.0
2002-03-01,4170.0
2002-03-04,4144.0
2002-03-05,4222.0
2002-03-06,4305.0
2002-03-07,4286.0
2002-03-08,4407.0
2002-03-11,4479.0
2002-03-12,4505.0
2002-03-13,4656.0
2002-03-14,4830.0
2002-03-15,4943.0
2002-03-18,5155.0
2002-03-19,5030.0
2002-03-20,4972.0
2002-03-21,4958.0
2002-03-22,5089.0
2002-03-25,5223.0
2002-03-26,5291.0
2002-03-27,5024.0
2002-03-28,5013.0
2002-03-29,5043.0
2002-04-01,5018.0
2002-04-02,5021.0
2002-04-03,5010.0
2002-04-04,5006.0
2002-04-05,4815.0
2002-04-08,4861.0
2002-04-09,4886.0
2002-04-10,4936.0
2002-04-11,4855.0
2002-04-12,4803.0
2002-04-15,4615.0
2002-04-16,4588.0
2002-04-17,4443.0
2002-04-18,4648.0
2002-04-19,4569.0
2002-04-22,4935.0
2002-04-23,4965.0
2002-04-24,4885.0
2002-04-25,4865.0
2002-04-26,4938.0
2002-04-29,4896.0
2002-04-30,4831.0
2002-05-01,4772.0
2002-05-02,4828.0
2002-05-03,4801.0
2002-05-06,4897.0
2002-05-07,4904.0
2002-05-08,4998.0
2002-05-09,5094.0
2002-05-10,5195.0
2002-05-13,5131.0
2002-05-14,5153.0
2002-05-15,5192.0
2002-05-16,5205.0
2002-05-17,5254.0
2002-05-20,5378.0
2002-05-21,5605.0
2002-05-22,5808.0
2002-05-23,5948.0
2002-05-24,5937.0
2002-05-27,5720.0
2002-05-28,6027.0
2002-05-29,6085.0
2002-05-30,5900.0
2002-05-31,6123.0
2002-06-03,5916.0
2002-06-04,5963.0
2002-06-05,6037.0
2002-06-06,6073.0
2002-06-07,6098.0
2002-06-10,6075.0
2002-06-11,6151.0
2002-06-12,6146.0
2002-06-13,6161.0
2002-06-14,6366.0
2002-06-17,5944.0
2002-06-18,5942.0
2002-06-19,6122.0
2002-06-20,6062.0
2002-06-21,6162.0
2002-06-24,6362.0
2002-06-25,6566.0
2002-06-26,6913.0
2002-06-27,6802.0
2002-06-28,6791.0
2002-07-01,7030.0
2002-07-02,7149.0
2002-07-03,7199.0
2002-07-04,7198.0
2002-07-05,7155.0
2002-07-08,7026.0
2002-07-09,6860.0
2002-07-10,6683.0
2002-07-11,6839.0
2002-07-12,6783.0
2002-07-15,6742.0
2002-07-16,6631.0
2002-07-17,6610.0
2002-07-18,6762.0
2002-07-19,6636.0
2002-07-22,6814.0
2002-07-23,6593.0
2002-07-24,6907.0
2002-07-25,7056.0
2002-07-26,6763.0
2002-07-29,6634.0
2002-07-30,6711.0
2002-07-31,6952.0
2002-08-01,7048.0
2002-08-02,7075.0
2002-08-05,7136.0
2002-08-06,7040.0
2002-08-07,7222.0
2002-08-08,7064.0
2002-08-09,6955.0
2002-08-12,6938.0
2002-08-13,7008.0
2002-08-14,7038.0
2002-08-15,6842.0
2002-08-16,6597.0
2002-08-19,6684.0
2002-08-20,6619.0
2002-08-21,6495.0
2002-08-22,6340.0
2002-08-23,6184.0
2002-08-26,6098.0
2002-08-27,6138.0
2002-08-28,6558.0
2002-08-29,6398.0
2002-08-30,6435.0
2002-09-02,6432.0
2002-09-03,6226.0
2002-09-04,6265.0
2002-09-05,6054.0
2002-09-06,6046.0
2002-09-09,6113.0
2002-09-10,6190.0
2002-09-11,6181.0
2002-09-12,6181.0
2002-09-13,6259.0
2002-09-16,6305.0
2002-09-17,6355.0
2002-09-18,6404.0
2002-09-19,6545.0
2002-09-20,6722.0
2002-09-23,6884.0
2002-09-24,6883.0
2002-09-25,6321.0
2002-09-26,6336.0
2002-09-27,6540.0
2002-09-30,6606.0
2002-10-01,6542.0
2002-10-02,6438.0
2002-10-03,6396.0
2002-10-04,6493.0
2002-10-07,6517.0
2002-10-08,6598.0
2002-10-09,6635.0
2002-10-10,6570.0
2002-10-11,6469.0
2002-10-14,6507.0
2002-10-15,6383.0
2002-10-16,6511.0
2002-10-17,6499.0
2002-10-18,6423.0
2002-10-21,6362.0
2002-10-22,6346.0
2002-10-23,6328.0
2002-10-24,6218.0
2002-10-25,6217.0
2002-10-28,6205.0
2002-10-29,6161.0
2002-10-30,6171.0
2002-10-31,6412.0
2002-11-01,6060.0
2002-11-04,6072.0
2002-11-05,6118.0
2002-11-06,6103.0
2002-11-07,6122.0
2002-11-08,6081.0
2002-11-11,6081.0
2002-11-12,6147.0
2002-11-13,6145.0
2002-11-14,6127.0
2002-11-15,6164.0
2002-11-18,6226.0
2002-11-19,6211.0
2002-11-20,6114.0
2002-11-21,6286.0
2002-11-22,6597.0
2002-11-25,6231.0
2002-11-26,6398.0
2002-11-27,6174.0
2002-11-28,6227.0
2002-11-29,6192.0
2002-12-02,6263.0
2002-12-03,6245.0
2002-12-04,6288.0
2002-12-05,6448.0
2002-12-06,6456.0
2002-12-09,6275.0
2002-12-10,6265.0
2002-12-11,6253.0
2002-12-12,6313.0
2002-12-13,6234.0
2002-12-16,6279.0
2002-12-17,5967.0
2002-12-18,6114.0
2002-12-19,6128.0
2002-12-20,6128.0
2002-12-23,6182.0
2002-12-24,6213.0
2002-12-26,6262.0
2002-12-27,6331.0
2002-12-30,6314.0
2002-12-31,6303.0
2003-01-02,6268.0
2003-01-03,6352.0
2003-01-06,6114.0
2003-01-07,6020.0
2003-01-08,6002.0
2003-01-09,5930.0
2003-01-10,6000.0
2003-01-13,5975.0
2003-01-14,5980.0
2003-01-16,5996.0
2003-01-17,6095.0
2003-01-20,6095.0
2003-01-21,6074.0
2003-01-22,6178.0
2003-01-23,6178.0
2003-01-24,6217.0
2003-01-27,6165.0
2003-01-28,5838.0
2003-01-29,5919.0
2003-01-30,5968.0
2003-01-31,6047.0
2003-02-03,6115.0
2003-02-04,6141.0
2003-02-05,5999.0
2003-02-06,6022.0
2003-02-07,6037.0
2003-02-10,6034.0
2003-02-11,6039.0
2003-02-12,6093.0
2003-02-13,6169.0
2003-02-14,6288.0
2003-02-17,6288.0
2003-02-18,6288.0
2003-02-19,6268.0
2003-02-20,6394.0
2003-02-21,6319.0
2003-02-24,6588.0
2003-02-25,6417.0
2003-02-26,6417.0
2003-02-27,6691.0
2003-02-28,6691.0
2003-03-03,6691.0
2003-03-04,6691.0
2003-03-05,6758.0
2003-03-06,6996.0
2003-03-07,6986.0
2003-03-10,6997.0
2003-03-11,6877.0
2003-03-12,6926.0
2003-03-13,7004.0
2003-03-14,6885.0
2003-03-17,6838.0
2003-03-18,6813.0
2003-03-19,6731.0
2003-03-20,6723.0
2003-03-21,6633.0
2003-03-24,6680.0
2003-03-25,6654.0
2003-03-26,6165.0
2003-03-27,6135.0
2003-03-28,6119.0
2003-03-31,6119.0
2003-04-01,6084.0
2003-04-02,5842.0
2003-04-03,5658.0
2003-04-04,5711.0
2003-04-07,5672.0
2003-04-08,5631.0
2003-04-09,5717.0
2003-04-10,5718.0
2003-04-11,5592.0
2003-04-14,5568.0
2003-04-15,5565.0
2003-04-16,5586.0
2003-04-17,5571.0
2003-04-21,5539.0
2003-04-22,5373.0
2003-04-23,5148.0
2003-04-24,5110.0
2003-04-25,5245.0
2003-04-28,5279.0
2003-04-29,5286.0
2003-04-30,5138.0
2003-05-01,5150.0
2003-05-02,5045.0
2003-05-05,5058.0
2003-05-06,5195.0
2003-05-07,5259.0
2003-05-08,5213.0
2003-05-09,5232.0
2003-05-12,5254.0
2003-05-13,5071.0
2003-05-14,5375.0
2003-05-15,5288.0
2003-05-16,5578.0
2003-05-19,5334.0
2003-05-20,5492.0
2003-05-21,5249.0
2003-05-22,5222.0
2003-05-23,5336.0
2003-05-26,5336.0
2003-05-27,5306.0
2003-05-28,5368.0
2003-05-29,5234.0
2003-05-30,5252.0
2003-06-02,5359.0
2003-06-03,5327.0
2003-06-04,5208.0
2003-06-05,5032.0
2003-06-06,5068.0
2003-06-09,4938.0
2003-06-10,4853.0
2003-06-11,4692.0
2003-06-12,4712.0
2003-06-13,4603.0
2003-06-16,4463.0
2003-06-17,4363.0
2003-06-18,4448.0
2003-06-19,4471.0
2003-06-20,4451.0
2003-06-23,4541.0
2003-06-24,4604.0
2003-06-25,4523.0
2003-06-26,4516.0
2003-06-27,4523.0
2003-06-30,4554.0
2003-07-01,4618.0
2003-07-02,4606.0
2003-07-03,4571.0
2003-07-04,4651.0
2003-07-07,4678.0
2003-07-08,4757.0
2003-07-09,4734.0
2003-07-10,4767.0
2003-07-11,4955.0
2003-07-14,4881.0
2003-07-15,4836.0
2003-07-16,4835.0
2003-07-17,5031.0
2003-07-18,5042.0
2003-07-21,4933.0
2003-07-22,4795.0
2003-07-23,4800.0
2003-07-24,4844.0
2003-07-25,4668.0
2003-07-28,4707.0
2003-07-29,4800.0
2003-07-30,4964.0
2003-07-31,5046.0
2003-08-01,5191.0
2003-08-04,5155.0
2003-08-05,5065.0
2003-08-06,5124.0
2003-08-07,5152.0
2003-08-08,5088.0
2003-08-11,5044.0
2003-08-12,4912.0
2003-08-13,4856.0
2003-08-14,4898.0
2003-08-15,4906.0
2003-08-18,4961.0
2003-08-19,5000.0
2003-08-20,5060.0
2003-08-21,5062.0
2003-08-22,5058.0
2003-08-25,4961.0
2003-08-26,5086.0
2003-08-27,5197.0
2003-08-28,5180.0
2003-08-29,4884.0
2003-09-01,4879.0
2003-09-02,4843.0
2003-09-03,4799.0
2003-09-04,4758.0
2003-09-05,4753.0
2003-09-08,4714.0
2003-09-09,4780.0
2003-09-10,4753.0
2003-09-11,4723.0
2003-09-12,4825.0
2003-09-15,4808.0
2003-09-16,4893.0
2003-09-17,4992.0
2003-09-18,4947.0
2003-09-19,5126.0
2003-09-22,5374.0
2003-09-23,5448.0
2003-09-24,5379.0
2003-09-25,5402.0
2003-09-26,5397.0
2003-09-29,5445.0
2003-09-30,5483.0
2003-10-01,5488.0
2003-10-02,5497.0
2003-10-03,5458.0
2003-10-06,5462.0
2003-10-07,5351.0
2003-10-08,5384.0
2003-10-09,5408.0
2003-10-10,5369.0
2003-10-13,5300.0
2003-10-14,5348.0
2003-10-15,5341.0
2003-10-16,5360.0
2003-10-17,5409.0
2003-10-20,5440.0
2003-10-21,5439.0
2003-10-22,5535.0
2003-10-23,5543.0
2003-10-24,5615.0
2003-10-27,5615.0
2003-10-28,5612.0
2003-10-29,5669.0
2003-10-30,5704.0
2003-10-31,5704.0
2003-11-03,5781.0
2003-11-04,5998.0
2003-11-05,6018.0
2003-11-06,5996.0
2003-11-07,6021.0
2003-11-10,6005.0
2003-11-11,6005.0
2003-11-12,6111.0
2003-11-13,6186.0
2003-11-14,6263.0
2003-11-17,6377.0
2003-11-18,6385.0
2003-11-19,6379.0
2003-11-20,6425.0
2003-11-21,6507.0
2003-11-24,6453.0
2003-11-25,6226.0
2003-11-26,6256.0
2003-11-27,6256.0
2003-11-28,6260.0
2003-12-01,6237.0
2003-12-02,6184.0
2003-12-03,6215.0
2003-12-04,6040.0
2003-12-05,6091.0
2003-12-08,5986.0
2003-12-09,5828.0
2003-12-10,5616.0
2003-12-11,5733.0
2003-12-12,5760.0
2003-12-15,5952.0
2003-12-16,5444.0
2003-12-17,5510.0
2003-12-18,5580.0
2003-12-19,5583.0
2003-12-22,5589.0
2003-12-23,5606.0
2003-12-24,5605.0
2003-12-26,5629.0
2003-12-29,5621.0
2003-12-30,5625.0
2003-12-31,5631.0
2004-01-02,5580.0
2004-01-05,5459.0
2004-01-06,5260.0
2004-01-07,5192.0
2004-01-08,5094.0
2004-01-09,5146.0
2004-01-12,5287.0
2004-01-13,5421.0
2004-01-14,5566.0
2004-01-15,5605.0
2004-01-16,5705.0
2004-01-19,5705.0
2004-01-20,5699.0
2004-01-21,5820.0
2004-01-22,5871.0
2004-01-23,5855.0
2004-01-26,5896.0
2004-01-27,5680.0
2004-01-28,5654.0
2004-01-29,5722.0
2004-01-30,5764.0
2004-02-02,5858.0
2004-02-03,5805.0
2004-02-04,5801.0
2004-02-05,5821.0
2004-02-06,5842.0
2004-02-09,5837.0
2004-02-10,5916.0
2004-02-11,5794.0
2004-02-12,5599.0
2004-02-13,5437.0
2004-02-16,5437.0
2004-02-17,5498.0
2004-02-18,5549.0
2004-02-19,5560.0
2004-02-20,5550.0
2004-02-23,5624.0
2004-02-24,5618.0
2004-02-25,5697.0
2004-02-26,5699.0
2004-02-27,5865.0
2004-03-01,5839.0
2004-03-02,5794.0
2004-03-03,5849.0
2004-03-04,5839.0
2004-03-05,5970.0
2004-03-08,5963.0
2004-03-09,5872.0
2004-03-10,5892.0
2004-03-11,5679.0
2004-03-12,5574.0
2004-03-15,5606.0
2004-03-16,5618.0
2004-03-17,5606.0
2004-03-18,5596.0
2004-03-19,5608.0
2004-03-22,5664.0
2004-03-23,5658.0
2004-03-24,5740.0
2004-03-25,5758.0
2004-03-26,5496.0
2004-03-29,4889.0
2004-03-30,4881.0
2004-03-31,4872.0
2004-04-01,4772.0
2004-04-02,4729.0
2004-04-05,4764.0
2004-04-06,4747.0
2004-04-07,4721.0
2004-04-08,4727.0
2004-04-12,4740.0
2004-04-13,4696.0
2004-04-14,4757.0
2004-04-15,4754.0
2004-04-16,4630.0
2004-04-19,4662.0
2004-04-20,4667.0
2004-04-21,4645.0
2004-04-22,4675.0
2004-04-23,4492.0
2004-04-26,4497.0
2004-04-27,4592.0
2004-04-28,4631.0
2004-04-29,4650.0
2004-04-30,4628.0
2004-05-03,4694.0
2004-05-04,4686.0
2004-05-05,4696.0
2004-05-06,4718.0
2004-05-07,4695.0
2004-05-10,4799.0
2004-05-11,4813.0
2004-05-12,4819.0
2004-05-13,4822.0
2004-05-14,4908.0
2004-05-17,4933.0
2004-05-18,4945.0
2004-05-19,4980.0
2004-05-20,5062.0
2004-05-21,5074.0
2004-05-24,5127.0
2004-05-25,5040.0
2004-05-26,4917.0
2004-05-27,4975.0
2004-05-28,4964.0
2004-05-31,4950.0
2004-06-01,4689.0
2004-06-02,4817.0
2004-06-03,5047.0
2004-06-04,5013.0
2004-06-07,5004.0
2004-06-08,5032.0
2004-06-09,5098.0
2004-06-10,5017.0
2004-06-11,5024.0
2004-06-14,5049.0
2004-06-15,5116.0
2004-06-16,4864.0
2004-06-17,5025.0
2004-06-18,5026.0
2004-06-21,5034.0
2004-06-22,5057.0
2004-06-23,5037.0
2004-06-24,5061.0
2004-06-25,5107.0
2004-06-28,5089.0
2004-06-29,5133.0
2004-06-30,5188.0
2004-07-01,5171.0
2004-07-02,5125.0
2004-07-05,5125.0
2004-07-06,5095.0
2004-07-07,5128.0
2004-07-08,4993.0
2004-07-09,4993.0
2004-07-12,5025.0
2004-07-13,4920.0
2004-07-14,4918.0
2004-07-15,4978.0
2004-07-16,4926.0
2004-07-19,4976.0
2004-07-20,5001.0
2004-07-21,5050.0
2004-07-22,5070.0
2004-07-23,5072.0
2004-07-26,5104.0
2004-07-27,4910.0
2004-07-28,4982.0
2004-07-29,4962.0
2004-07-30,5036.0
2004-08-02,5031.0
2004-08-03,5110.0
2004-08-04,5136.0
2004-08-05,5094.0
2004-08-06,5175.0
2004-08-09,5233.0
2004-08-10,5308.0
2004-08-11,5215.0
2004-08-12,5243.0
2004-08-13,5233.0
2004-08-16,5226.0
2004-08-17,5251.0
2004-08-18,5242.0
2004-08-19,5233.0
2004-08-20,5205.0
2004-08-23,5146.0
2004-08-24,5160.0
2004-08-25,5189.0
2004-08-26,5239.0
2004-08-27,5206.0
2004-08-30,5223.0
2004-08-31,5258.0
2004-09-01,5321.0
2004-09-02,5191.0
2004-09-03,5197.0
2004-09-06,5197.0
2004-09-07,5239.0
2004-09-08,5289.0
2004-09-09,5286.0
2004-09-10,5321.0
2004-09-13,5388.0
2004-09-14,5432.0
2004-09-15,5454.0
2004-09-16,5458.0
2004-09-17,5564.0
2004-09-20,5569.0
2004-09-21,5588.0
2004-09-22,5647.0
2004-09-23,5677.0
2004-09-24,5470.0
2004-09-27,5481.0
2004-09-28,5468.0
2004-09-29,5566.0
2004-09-30,5440.0
2004-10-01,5221.0
2004-10-04,5189.0
2004-10-05,5224.0
2004-10-06,5230.0
2004-10-07,5250.0
2004-10-08,5274.0
2004-10-11,5274.0
2004-10-12,5352.0
2004-10-13,5375.0
2004-10-14,5459.0
2004-10-15,5458.0
2004-10-18,5460.0
2004-10-19,5497.0
2004-10-20,5531.0
2004-10-21,5576.0
2004-10-22,5585.0
2004-10-25,5510.0
2004-10-26,5507.0
2004-10-27,5396.0
2004-10-28,5409.0
2004-10-29,5440.0
2004-11-01,5347.0
2004-11-02,5281.0
2004-11-03,5281.0
2004-11-04,5150.0
2004-11-05,5136.0
2004-11-08,5122.0
2004-11-09,5155.0
2004-11-10,5184.0
2004-11-11,5185.0
2004-11-12,5190.0
2004-11-15,5167.0
2004-11-16,5174.0
2004-11-17,5121.0
2004-11-18,5149.0
2004-11-19,5147.0
2004-11-22,5297.0
2004-11-23,5370.0
2004-11-24,5245.0
2004-11-25,5245.0
2004-11-26,5229.0
2004-11-29,5214.0
2004-11-30,5193.0
2004-12-01,5182.0
2004-12-02,5210.0
2004-12-03,5268.0
2004-12-06,5270.0
2004-12-07,5307.0
2004-12-08,5381.0
2004-12-09,5334.0
2004-12-10,5247.0
2004-12-13,5253.0
2004-12-14,5484.0
2004-12-15,4688.0
2004-12-16,4660.0
2004-12-17,4676.0
2004-12-20,4650.0
2004-12-21,4681.0
2004-12-22,4663.0
2004-12-23,4668.0
2004-12-24,4668.0
2004-12-27,4641.0
2004-12-28,4631.0
2004-12-29,4647.0
2004-12-30,4654.0
2004-12-31,4702.0
2005-01-03,4704.0
2005-01-04,4717.0
2005-01-05,4756.0
2005-01-06,4809.0
2005-01-07,4835.0
2005-01-10,4857.0
2005-01-11,4873.0
2005-01-12,4872.0
2005-01-13,4856.0
2005-01-14,4925.0
2005-01-17,4936.0
2005-01-18,5209.0
2005-01-19,5330.0
2005-01-20,5200.0
2005-01-21,5183.0
2005-01-24,5195.0
2005-01-25,5196.0
2005-01-26,5022.0
2005-01-27,5065.0
2005-01-28,5120.0
2005-01-31,5128.0
2005-02-01,5196.0
2005-02-02,5223.0
2005-02-03,5163.0
2005-02-04,5147.0
2005-02-07,5079.0
2005-02-08,5093.0
2005-02-09,5101.0
2005-02-10,5097.0
2005-02-11,4973.0
2005-02-14,4925.0
2005-02-15,4921.0
2005-02-16,4978.0
2005-02-17,4969.0
2005-02-18,4943.0
2005-02-21,4943.0
2005-02-22,4939.0
2005-02-23,4970.0
2005-02-24,4988.0
2005-02-25,5003.0
2005-02-28,4980.0
2005-03-01,4982.0
2005-03-02,5001.0
2005-03-03,5008.0
2005-03-04,5052.0
2005-03-07,5074.0
2005-03-08,5047.0
2005-03-09,5017.0
2005-03-10,5048.0
2005-03-11,5028.0
2005-03-14,5045.0
2005-03-15,5041.0
2005-03-16,5079.0
2005-03-17,5101.0
2005-03-18,5090.0
2005-03-21,5092.0
2005-03-22,5092.0
2005-03-23,5111.0
2005-03-24,5129.0
2005-03-28,5114.0
2005-03-29,5309.0
2005-03-30,5358.0
2005-03-31,5393.0
2005-04-01,5420.0
2005-04-04,5432.0
2005-04-05,5432.0
2005-04-06,5468.0
2005-04-07,5459.0
2005-04-08,5414.0
2005-04-11,5446.0
2005-04-12,5491.0
2005-04-13,5512.0
2005-04-14,5517.0
2005-04-15,5627.0
2005-04-18,5655.0
2005-04-19,6130.0
2005-04-20,6155.0
2005-04-21,6126.0
2005-04-22,6171.0
2005-04-25,6193.0
2005-04-26,6197.0
2005-04-27,6248.0
2005-04-28,6292.0
2005-04-29,6294.0
2005-05-02,6312.0
2005-05-03,6316.0
2005-05-04,6342.0
2005-05-05,6242.0
2005-05-06,6060.0
2005-05-09,6076.0
2005-05-10,6113.0
2005-05-11,6166.0
2005-05-12,6192.0
2005-05-13,6232.0
2005-05-16,6246.0
2005-05-17,6268.0
2005-05-18,6396.0
2005-05-19,6392.0
2005-05-20,6408.0
2005-05-23,6459.0
2005-05-24,6487.0
2005-05-25,6292.0
2005-05-26,6410.0
2005-05-27,6422.0
2005-05-30,6422.0
2005-05-31,6497.0
2005-06-01,6594.0
2005-06-02,6631.0
2005-06-03,6604.0
2005-06-06,6636.0
2005-06-07,6667.0
2005-06-08,6769.0
2005-06-09,6768.0
2005-06-10,6606.0
2005-06-13,794.0
2005-06-14,904.0
2005-06-15,889.0
2005-06-16,889.0
2005-06-17,885.0
2005-06-20,879.0
2005-06-21,880.0
2005-06-22,878.0
2005-06-23,891.0
2005-06-24,890.0
2005-06-27,893.0
2005-06-28,879.0
2005-06-29,865.0
2005-06-30,462.0
2005-07-01,453.0
2005-07-04,453.0
2005-07-05,446.0
2005-07-06,453.0
2005-07-07,438.0
2005-07-08,418.0
2005-07-11,420.0
2005-07-12,405.0
2005-07-13,411.0
2005-07-14,415.0
2005-07-15,418.0
2005-07-18,425.0
2005-07-19,428.0
2005-07-20,422.0
2005-07-21,418.0
2005-07-22,422.0
2005-07-25,428.0
2005-07-26,428.0
2005-07-27,423.0
2005-07-28,416.0
2005-07-29,412.0
2005-08-01,410.0
2005-08-02,405.0
2005-08-03,404.0
2005-08-04,399.0
2005-08-05,391.0
2005-08-08,399.0
2005-08-09,399.0
2005-08-10,395.0
2005-08-11,410.0
2005-08-12,418.0
2005-08-15,412.0
2005-08-16,417.0
2005-08-17,417.0
2005-08-18,425.0
2005-08-19,433.0
2005-08-22,429.0
2005-08-23,431.0
2005-08-24,443.0
2005-08-25,437.0
2005-08-26,437.0
2005-08-29,439.0
2005-08-30,444.0
2005-08-31,438.0
2005-09-01,429.0
2005-09-02,414.0
2005-09-05,414.0
2005-09-06,414.0
2005-09-07,405.0
2005-09-08,406.0
2005-09-09,409.0
2005-09-12,408.0
2005-09-13,415.0
2005-09-14,407.0
2005-09-15,397.0
2005-09-16,388.0
2005-09-19,387.0
2005-09-20,393.0
2005-09-21,390.0
2005-09-22,397.0
2005-09-23,391.0
2005-09-26,385.0
2005-09-27,387.0
2005-09-28,376.0
2005-09-29,363.0
2005-09-30,349.0
2005-10-03,342.0
2005-10-04,354.0
2005-10-05,365.0
2005-10-06,386.0
2005-10-07,372.0
2005-10-10,372.0
2005-10-11,381.0
2005-10-12,404.0
2005-10-13,411.0
2005-10-14,408.0
2005-10-17,404.0
2005-10-18,400.0
2005-10-19,404.0
2005-10-20,414.0
2005-10-21,423.0
2005-10-24,411.0
2005-10-25,398.0
2005-10-26,396.0
2005-10-27,404.0
2005-10-28,388.0
2005-10-31,370.0
2005-11-01,374.0
2005-11-02,374.0
2005-11-03,375.0
2005-11-04,381.0
2005-11-07,380.0
2005-11-08,381.0
2005-11-09,385.0
2005-11-10,390.0
2005-11-11,390.0
2005-11-14,389.0
2005-11-15,387.0
2005-11-16,379.0
2005-11-17,367.0
2005-11-18,367.0
2005-11-21,362.0
2005-11-22,359.0
2005-11-23,352.0
2005-11-24,352.0
2005-11-25,354.0
2005-11-28,375.0
2005-11-29,384.0
2005-11-30,495.0
2005-12-01,486.0
2005-12-02,478.0
2005-12-05,476.0
2005-12-06,473.0
2005-12-07,473.0
2005-12-08,488.0
2005-12-09,484.0
2005-12-12,493.0
2005-12-13,492.0
2005-12-14,484.0
2005-12-15,490.0
2005-12-16,510.0
2005-12-19,514.0
2005-12-20,511.0
2005-12-21,504.0
2005-12-22,495.0
2005-12-23,500.0
2005-12-26,500.0
2005-12-27,498.0
2005-12-28,501.0
2005-12-29,499.0
2005-12-30,503.0
2005-12-31,503.0
2006-01-02,503.0
2006-01-03,491.0
2006-01-04,475.0
2006-01-05,477.0
2006-01-06,459.0
2006-01-09,459.0
2006-01-10,459.0
2006-01-11,454.0
2006-01-12,464.0
2006-01-13,466.0
2006-01-16,466.0
2006-01-17,473.0
2006-01-18,474.0
2006-01-19,459.0
2006-01-20,454.0
2006-01-23,449.0
2006-01-24,443.0
2006-01-25,443.0
2006-01-26,439.0
2006-01-27,434.0
2006-01-30,434.0
2006-01-31,440.0
2006-02-01,425.0
2006-02-02,416.0
2006-02-03,408.0
2006-02-06,397.0
2006-02-07,404.0
2006-02-08,397.0
2006-02-09,393.0
2006-02-10,369.0
2006-02-13,375.0
2006-02-14,376.0
2006-02-15,374.0
2006-02-16,374.0
2006-02-17,373.0
2006-02-20,373.0
2006-02-21,371.0
2006-02-22,372.0
2006-02-23,363.0
2006-02-24,362.0
2006-02-27,351.0
2006-02-28,353.0
2006-03-01,346.0
2006-03-02,343.0
2006-03-03,343.0
2006-03-06,351.0
2006-03-07,367.0
2006-03-08,372.0
2006-03-09,367.0
2006-03-10,353.0
2006-03-13,348.0
2006-03-14,353.0
2006-03-15,339.0
2006-03-16,333.0
2006-03-17,332.0
2006-03-20,335.0
2006-03-21,343.0
2006-03-22,350.0
2006-03-23,353.0
2006-03-24,355.0
2006-03-27,353.0
2006-03-28,353.0
2006-03-29,349.0
2006-03-30,343.0
2006-03-31,344.0
2006-04-03,342.0
2006-04-04,339.0
2006-04-05,345.0
2006-04-06,343.0
2006-04-07,345.0
2006-04-10,349.0
2006-04-11,350.0
2006-04-12,344.0
2006-04-13,342.0
2006-04-17,337.0
2006-04-18,325.0
2006-04-19,317.0
2006-04-20,319.0
2006-04-21,320.0
2006-04-24,323.0
2006-04-25,318.0
2006-04-26,314.0
2006-04-27,313.0
2006-04-28,313.0
2006-05-01,309.0
2006-05-02,310.0
2006-05-03,311.0
2006-05-04,310.0
2006-05-05,313.0
2006-05-08,313.0
2006-05-09,318.0
2006-05-10,316.0
2006-05-11,319.0
2006-05-12,328.0
2006-05-15,354.0
2006-05-16,343.0
2006-05-17,359.0
2006-05-18,358.0
2006-05-19,362.0
2006-05-22,383.0
2006-05-23,375.0
2006-05-24,388.0
2006-05-25,364.0
2006-05-26,359.0
2006-05-29,359.0
2006-05-30,370.0
2006-05-31,368.0
2006-06-01,352.0
2006-06-02,371.0
2006-06-05,373.0
2006-06-06,378.0
2006-06-07,372.0
2006-06-08,379.0
2006-06-09,376.0
2006-06-12,383.0
2006-06-13,391.0
2006-06-14,382.0
2006-06-15,365.0
2006-06-16,372.0
2006-06-19,375.0
2006-06-20,375.0
2006-06-21,379.0
2006-06-22,388.0
2006-06-23,397.0
2006-06-26,411.0
2006-06-27,419.0
2006-06-28,408.0
2006-06-29,390.0
2006-06-30,384.0
2006-07-03,372.0
2006-07-04,372.0
2006-07-05,380.0
2006-07-06,376.0
2006-07-07,372.0
2006-07-10,364.0
2006-07-11,362.0
2006-07-12,377.0
2006-07-13,385.0
2006-07-14,384.0
2006-07-17,383.0
2006-07-18,370.0
2006-07-19,363.0
2006-07-20,349.0
2006-07-21,349.0
2006-07-24,339.0
2006-07-25,343.0
2006-07-26,333.0
2006-07-27,336.0
2006-07-28,342.0
2006-07-31,346.0
2006-08-01,346.0
2006-08-02,344.0
2006-08-03,341.0
2006-08-04,336.0
2006-08-07,330.0
2006-08-08,323.0
2006-08-09,320.0
2006-08-10,323.0
2006-08-11,321.0
2006-08-14,317.0
2006-08-15,319.0
2006-08-16,308.0
2006-08-17,310.0
2006-08-18,313.0
2006-08-21,317.0
2006-08-22,323.0
2006-08-23,328.0
2006-08-24,331.0
2006-08-25,328.0
2006-08-28,327.0
2006-08-29,327.0
2006-08-30,319.0
2006-08-31,320.0
2006-09-01,319.0
2006-09-04,319.0
2006-09-05,305.0
2006-09-06,312.0
2006-09-07,313.0
2006-09-08,319.0
2006-09-11,321.0
2006-09-12,319.0
2006-09-13,323.0
2006-09-14,323.0
2006-09-15,319.0
2006-09-18,317.0
2006-09-19,327.0
2006-09-20,336.0
2006-09-21,359.0
2006-09-22,367.0
2006-09-25,372.0
2006-09-26,352.0
2006-09-27,351.0
2006-09-28,339.0
2006-09-29,341.0
2006-10-02,337.0
2006-10-03,346.0
2006-10-04,341.0
2006-10-05,324.0
2006-10-06,322.0
2006-10-09,322.0
2006-10-10,313.0
2006-10-11,314.0
2006-10-12,301.0
2006-10-13,289.0
2006-10-16,283.0
2006-10-17,293.0
2006-10-18,287.0
2006-10-19,284.0
2006-10-20,288.0
2006-10-23,286.0
2006-10-24,288.0
2006-10-25,283.0
2006-10-26,279.0
2006-10-27,282.0
2006-10-30,290.0
2006-10-31,293.0
2006-11-01,293.0
2006-11-02,288.0
2006-11-03,278.0
2006-11-06,278.0
2006-11-07,285.0
2006-11-08,286.0
2006-11-09,290.0
2006-11-10,297.0
2006-11-13,284.0
2006-11-14,287.0
2006-11-15,282.0
2006-11-16,281.0
2006-11-17,290.0
2006-11-19,290.0
2006-11-20,289.0
2006-11-21,294.0
2006-11-22,296.0
2006-11-23,296.0
2006-11-24,298.0
2006-11-27,309.0
2006-11-28,310.0
2006-11-29,297.0
2006-11-30,297.0
2006-12-01,306.0
2006-12-04,298.0
2006-12-05,293.0
2006-12-06,284.0
2006-12-07,276.0
2006-12-08,262.0
2006-12-11,254.0
2006-12-12,252.0
2006-12-13,247.0
2006-12-14,242.0
2006-12-15,239.0
2006-12-18,239.0
2006-12-19,235.0
2006-12-20,229.0
2006-12-21,228.0
2006-12-22,229.0
2006-12-26,231.0
2006-12-27,223.0
2006-12-28,215.0
2006-12-29,215.0
2007-01-02,218.0
2007-01-03,204.0
2007-01-04,217.0
2007-01-05,223.0
2007-01-08,220.0
2007-01-09,228.0
2007-01-10,225.0
2007-01-11,213.0
2007-01-12,207.0
2007-01-15,207.0
2007-01-16,202.0
2007-01-17,192.0
2007-01-18,194.0
2007-01-19,192.0
2007-01-22,194.0
2007-01-23,190.0
2007-01-24,190.0
2007-01-25,186.0
2007-01-26,184.0
2007-01-29,185.0
2007-01-30,185.0
2007-01-31,192.0
2007-02-01,185.0
2007-02-02,188.0
2007-02-05,189.0
2007-02-06,191.0
2007-02-07,204.0
2007-02-08,214.0
2007-02-09,218.0
2007-02-12,215.0
2007-02-13,205.0
2007-02-14,205.0
2007-02-15,206.0
2007-02-16,209.0
2007-02-19,209.0
2007-02-20,208.0
2007-02-21,207.0
2007-02-22,201.0
2007-02-23,209.0
2007-02-26,214.0
2007-02-27,239.0
2007-02-28,228.0
2007-03-01,228.0
2007-03-02,236.0
2007-03-05,239.0
2007-03-06,234.0
2007-03-07,235.0
2007-03-08,230.0
2007-03-09,216.0
2007-03-12,218.0
2007-03-13,227.0
2007-03-14,220.0
2007-03-15,220.0
2007-03-16,220.0
2007-03-19,217.0
2007-03-20,219.0
2007-03-21,217.0
2007-03-22,207.0
2007-03-23,209.0
2007-03-26,210.0
2007-03-27,208.0
2007-03-28,208.0
2007-03-29,208.0
2007-03-30,204.0
2007-04-02,204.0
2007-04-03,203.0
2007-04-04,202.0
2007-04-05,202.0
2007-04-09,197.0
2007-04-10,200.0
2007-04-11,202.0
2007-04-12,216.0
2007-04-13,234.0
2007-04-16,237.0
2007-04-17,250.0
2007-04-18,254.0
2007-04-19,261.0
2007-04-20,255.0
2007-04-23,257.0
2007-04-24,260.0
2007-04-25,260.0
2007-04-26,263.0
2007-04-27,262.0
2007-04-30,272.0
2007-05-01,272.0
2007-05-02,273.0
2007-05-03,276.0
2007-05-04,287.0
2007-05-07,291.0
2007-05-08,288.0
2007-05-09,286.0
2007-05-10,288.0
2007-05-11,288.0
2007-05-14,290.0
2007-05-15,283.0
2007-05-16,274.0
2007-05-17,270.0
2007-05-18,269.0
2007-05-21,265.0
2007-05-22,263.0
2007-05-23,264.0
2007-05-24,276.0
2007-05-25,271.0
2007-05-28,271.0
2007-05-29,276.0
2007-05-30,281.0
2007-05-31,277.0
2007-06-01,271.0
2007-06-04,275.0
2007-06-05,274.0
2007-06-06,286.0
2007-06-07,290.0
2007-06-08,292.0
2007-06-11,292.0
2007-06-12,306.0
2007-06-13,310.0
2007-06-14,289.0
2007-06-15,275.0
2007-06-18,267.0
2007-06-19,267.0
2007-06-20,275.0
2007-06-21,280.0
2007-06-22,285.0
2007-06-25,303.0
2007-06-26,312.0
2007-06-27,323.0
2007-06-28,303.0
2007-06-29,325.0
2007-07-02,320.0
2007-07-03,318.0
2007-07-04,318.0
2007-07-05,317.0
2007-07-06,307.0
2007-07-09,308.0
2007-07-10,324.0
2007-07-11,319.0
2007-07-12,303.0
2007-07-13,313.0
2007-07-16,318.0
2007-07-17,322.0
2007-07-18,342.0
2007-07-19,331.0
2007-07-20,345.0
2007-07-23,355.0
2007-07-24,381.0
2007-07-25,401.0
2007-07-26,468.0
2007-07-27,471.0
2007-07-30,449.0
2007-07-31,449.0
2007-08-01,461.0
2007-08-02,461.0
2007-08-03,463.0
2007-08-06,473.0
2007-08-07,459.0
2007-08-08,403.0
2007-08-09,433.0
2007-08-10,427.0
2007-08-13,430.0
2007-08-14,460.0
2007-08-15,469.0
2007-08-16,517.0
2007-08-17,477.0
2007-08-20,492.0
2007-08-21,489.0
2007-08-22,465.0
2007-08-23,471.0
2007-08-24,462.0
2007-08-27,448.0
2007-08-28,465.0
2007-08-29,459.0
2007-08-30,467.0
2007-08-31,450.0
2007-09-03,450.0
2007-09-04,449.0
2007-09-05,465.0
2007-09-06,454.0
2007-09-07,463.0
2007-09-10,477.0
2007-09-11,471.0
2007-09-12,460.0
2007-09-13,440.0
2007-09-14,439.0
2007-09-17,440.0
2007-09-18,405.0
2007-09-19,395.0
2007-09-20,394.0
2007-09-21,377.0
2007-09-24,388.0
2007-09-25,392.0
2007-09-26,392.0
2007-09-27,391.0
2007-09-28,398.0
2007-10-01,395.0
2007-10-02,393.0
2007-10-03,402.0
2007-10-04,405.0
2007-10-05,388.0
2007-10-08,388.0
2007-10-09,370.0
2007-10-10,372.0
2007-10-11,354.0
2007-10-12,350.0
2007-10-15,354.0
2007-10-16,355.0
2007-10-17,366.0
2007-10-18,364.0
2007-10-19,386.0
2007-10-22,388.0
2007-10-23,388.0
2007-10-24,395.0
2007-10-25,382.0
2007-10-26,352.0
2007-10-29,350.0
2007-10-30,341.0
2007-10-31,312.0
2007-11-01,329.0
2007-11-02,341.0
2007-11-05,355.0
2007-11-06,345.0
2007-11-07,360.0
2007-11-08,385.0
2007-11-09,387.0
2007-11-13,383.0
2007-11-14,373.0
2007-11-15,399.0
2007-11-16,404.0
2007-11-19,425.0
2007-11-20,413.0
2007-11-21,441.0
2007-11-23,445.0
2007-11-26,471.0
2007-11-27,454.0
2007-11-28,420.0
2007-11-29,412.0
2007-11-30,401.0
2007-12-03,407.0
2007-12-04,411.0
2007-12-05,406.0
2007-12-06,387.0
2007-12-07,369.0
2007-12-10,357.0
2007-12-11,378.0
2007-12-12,380.0
2007-12-13,384.0
2007-12-14,388.0
2007-12-17,403.0
2007-12-18,405.0
2007-12-19,412.0
2007-12-20,413.0
2007-12-21,399.0
2007-12-24,393.0
2007-12-26,390.0
2007-12-27,392.0
2007-12-28,401.0
2007-12-31,410.0
2008-01-02,423.0
2008-01-03,422.0
2008-01-04,436.0
2008-01-07,428.0
2008-01-08,419.0
2008-01-09,437.0
2008-01-10,421.0
2008-01-11,414.0
2008-01-14,416.0
2008-01-15,426.0
2008-01-16,431.0
2008-01-17,446.0
2008-01-18,454.0
2008-01-22,473.0
2008-01-23,487.0
2008-01-24,455.0
2008-01-25,468.0
2008-01-28,470.0
2008-01-29,466.0
2008-01-30,451.0
2008-01-31,466.0
2008-02-01,462.0
2008-02-04,453.0
2008-02-05,470.0
2008-02-06,470.0
2008-02-07,464.0
2008-02-08,489.0
2008-02-11,497.0
2008-02-12,479.0
2008-02-13,476.0
2008-02-14,474.0
2008-02-15,487.0
2008-02-19,479.0
2008-02-20,478.0
2008-02-21,487.0
2008-02-22,481.0
2008-02-25,477.0
2008-02-26,463.0
2008-02-27,463.0
2008-02-28,479.0
2008-02-29,503.0
2008-03-03,506.0
2008-03-04,493.0
2008-03-05,475.0
2008-03-06,490.0
2008-03-07,505.0
2008-03-10,525.0
2008-03-11,490.0
2008-03-12,510.0
2008-03-13,512.0
2008-03-14,541.0
2008-03-17,580.0
2008-03-18,536.0
2008-03-19,551.0
2008-03-20,551.0
2008-03-24,532.0
2008-03-25,535.0
2008-03-26,555.0
2008-03-27,551.0
2008-03-28,559.0
2008-03-31,581.0
2008-04-01,561.0
2008-04-02,542.0
2008-04-03,530.0
2008-04-04,530.0
2008-04-07,529.0
2008-04-08,536.0
2008-04-09,544.0
2008-04-10,542.0
2008-04-11,558.0
2008-04-14,553.0
2008-04-15,550.0
2008-04-16,546.0
2008-04-17,557.0
2008-04-18,545.0
2008-04-21,560.0
2008-04-22,583.0
2008-04-23,576.0
2008-04-24,565.0
2008-04-25,589.0
2008-04-28,580.0
2008-04-29,584.0
2008-04-30,563.0
2008-05-01,547.0
2008-05-02,548.0
2008-05-05,543.0
2008-05-06,546.0
2008-05-07,570.0
2008-05-08,570.0
2008-05-09,573.0
2008-05-12,580.0
2008-05-13,566.0
2008-05-14,559.0
2008-05-15,556.0
2008-05-16,552.0
2008-05-19,538.0
2008-05-20,544.0
2008-05-21,542.0
2008-05-22,541.0
2008-05-23,559.0
2008-05-27,556.0
2008-05-28,548.0
2008-05-29,535.0
2008-05-30,535.0
2008-06-02,542.0
2008-06-03,549.0
2008-06-04,528.0
2008-06-05,526.0
2008-06-06,547.0
2008-06-09,543.0
2008-06-10,542.0
2008-06-11,535.0
2008-06-12,535.0
2008-06-13,541.0
2008-06-16,555.0
2008-06-17,575.0
2008-06-18,568.0
2008-06-19,561.0
2008-06-20,581.0
2008-06-23,572.0
2008-06-24,582.0
2008-06-25,581.0
2008-06-26,606.0
2008-06-27,614.0
2008-06-30,614.0
2008-07-01,629.0
2008-07-02,638.0
2008-07-03,622.0
2008-07-07,627.0
2008-07-08,635.0
2008-07-09,644.0
2008-07-10,651.0
2008-07-11,658.0
2008-07-14,665.0
2008-07-15,668.0
2008-07-16,657.0
2008-07-17,636.0
2008-07-18,599.0
2008-07-21,594.0
2008-07-22,601.0
2008-07-23,586.0
2008-07-24,609.0
2008-07-25,609.0
2008-07-28,624.0
2008-07-29,613.0
2008-07-30,608.0
2008-07-31,612.0
2008-08-01,625.0
2008-08-04,635.0
2008-08-05,637.0
2008-08-06,643.0
2008-08-07,684.0
2008-08-08,729.0
2008-08-11,668.0
2008-08-12,672.0
2008-08-13,657.0
2008-08-14,656.0
2008-08-15,664.0
2008-08-18,672.0
2008-08-19,672.0
2008-08-20,677.0
2008-08-21,681.0
2008-08-22,675.0
2008-08-25,685.0
2008-08-26,680.0
2008-08-27,678.0
2008-08-28,676.0
2008-08-29,671.0
2008-09-02,678.0
2008-09-03,698.0
2008-09-04,713.0
2008-09-05,722.0
2008-09-08,708.0
2008-09-09,743.0
2008-09-10,742.0
2008-09-11,754.0
2008-09-12,764.0
2008-09-15,825.0
2008-09-16,876.0
2008-09-17,930.0
2008-09-18,891.0
2008-09-19,806.0
2008-09-22,769.0
2008-09-23,785.0
2008-09-24,814.0
2008-09-25,826.0
2008-09-26,852.0
2008-09-29,924.0
2008-09-30,953.0
2008-10-01,1005.0
2008-10-02,1099.0
2008-10-03,1040.0
2008-10-06,1161.0
2008-10-07,1232.0
2008-10-08,1294.0
2008-10-09,1284.0
2008-10-10,1358.0
2008-10-14,1242.0
2008-10-15,1334.0
2008-10-16,1372.0
2008-10-17,1364.0
2008-10-20,1385.0
2008-10-21,1627.0
2008-10-22,1905.0
2008-10-23,1878.0
2008-10-24,1843.0
2008-10-27,1841.0
2008-10-28,1897.0
2008-10-29,1894.0
2008-10-30,1892.0
2008-10-31,1787.0
2008-11-03,1664.0
2008-11-04,1625.0
2008-11-05,1714.0
2008-11-06,1711.0
2008-11-07,1711.0
2008-11-10,1707.0
2008-11-12,1751.0
2008-11-13,1899.0
2008-11-14,1965.0
2008-11-17,1835.0
2008-11-18,1835.0
2008-11-19,1865.0
2008-11-20,1912.0
2008-11-21,1909.0
2008-11-24,1845.0
2008-11-25,1828.0
2008-11-26,1720.0
2008-11-28,1722.0
2008-12-01,1777.0
2008-12-02,1806.0
2008-12-03,1815.0
2008-12-04,1858.0
2008-12-05,1849.0
2008-12-08,1799.0
2008-12-09,1842.0
2008-12-10,1833.0
2008-12-11,1836.0
2008-12-12,1906.0
2008-12-15,1960.0
2008-12-16,1946.0
2008-12-17,1846.0
2008-12-18,1894.0
2008-12-19,1842.0
2008-12-22,1822.0
2008-12-23,1817.0
2008-12-24,1817.0
2008-12-26,1817.0
2008-12-29,1742.0
2008-12-30,1705.0
2008-12-31,1704.0
2009-01-02,1681.0
2009-01-05,1637.0
2009-01-06,1572.0
2009-01-07,1580.0
2009-01-08,1636.0
2009-01-09,1639.0
2009-01-12,1647.0
2009-01-13,1646.0
2009-01-14,1640.0
2009-01-15,1611.0
2009-01-16,1553.0
2009-01-20,1539.0
2009-01-21,1557.0
2009-01-22,1535.0
2009-01-23,1514.0
2009-01-26,1510.0
2009-01-27,1510.0
2009-01-28,1480.0
2009-01-29,1489.0
2009-01-30,1495.0
2009-02-02,1507.0
2009-02-03,1507.0
2009-02-04,1535.0
2009-02-05,1547.0
2009-02-06,1541.0
2009-02-09,1537.0
2009-02-10,1578.0
2009-02-11,1637.0
2009-02-12,1645.0
2009-02-13,1618.0
2009-02-17,1694.0
2009-02-18,1734.0
2009-02-19,1724.0
2009-02-20,1749.0
2009-02-23,1798.0
2009-02-24,1791.0
2009-02-25,1707.0
2009-02-26,1708.0
2009-02-27,1727.0
2009-03-02,1772.0
2009-03-03,1802.0
2009-03-04,1762.0
2009-03-05,1827.0
2009-03-06,1890.0
2009-03-09,1908.0
2009-03-10,1874.0
2009-03-11,1809.0
2009-03-12,1810.0
2009-03-13,1828.0
2009-03-16,1815.0
2009-03-17,1848.0
2009-03-18,1885.0
2009-03-19,1838.0
2009-03-20,1884.0
2009-03-23,1909.0
2009-03-24,1908.0
2009-03-25,1960.0
2009-03-26,1903.0
2009-03-27,1927.0
2009-03-30,1932.0
2009-03-31,1894.0
2009-04-01,1893.0
2009-04-02,1864.0
2009-04-03,1833.0
2009-04-06,1808.0
2009-04-07,1832.0
2009-04-08,1786.0
2009-04-09,1734.0
2009-04-13,1728.0
2009-04-14,1752.0
2009-04-15,1755.0
2009-04-16,1761.0
2009-04-17,1756.0
2009-04-20,1838.0
2009-04-21,1790.0
2009-04-22,1781.0
2009-04-23,1794.0
2009-04-24,1750.0
2009-04-27,1747.0
2009-04-28,1777.0
2009-04-29,1769.0
2009-04-30,1766.0
2009-05-01,1764.0
2009-05-04,1685.0
2009-05-05,1551.0
2009-05-06,1445.0
2009-05-07,1379.0
2009-05-08,1409.0
2009-05-11,1433.0
2009-05-12,1510.0
2009-05-13,1565.0
2009-05-14,1514.0
2009-05-15,1550.0
2009-05-18,1474.0
2009-05-19,1429.0
2009-05-20,1378.0
2009-05-21,1405.0
2009-05-22,1380.0
2009-05-26,1355.0
2009-05-27,1315.0
2009-05-28,1296.0
2009-05-29,1291.0
2009-06-01,1214.0
2009-06-02,1158.0
2009-06-03,1166.0
2009-06-04,1157.0
2009-06-05,1144.0
2009-06-08,1144.0
2009-06-09,1109.0
2009-06-10,1100.0
2009-06-11,1054.0
2009-06-12,1042.0
2009-06-15,1050.0
2009-06-16,1100.0
2009-06-17,1184.0
2009-06-18,1174.0
2009-06-19,1183.0
2009-06-22,1231.0
2009-06-23,1248.0
2009-06-24,1210.0
2009-06-25,1171.0
2009-06-26,1142.0
2009-06-29,1008.0
2009-06-30,1062.0
2009-07-01,1040.0
2009-07-02,1045.0
2009-07-06,1059.0
2009-07-07,1050.0
2009-07-08,1124.0
2009-07-09,1125.0
2009-07-10,1123.0
2009-07-13,1141.0
2009-07-14,1112.0
2009-07-15,1103.0
2009-07-16,1079.0
2009-07-17,1037.0
2009-07-20,1033.0
2009-07-21,1052.0
2009-07-22,1007.0
2009-07-23,966.0
2009-07-24,978.0
2009-07-27,946.0
2009-07-28,945.0
2009-07-29,963.0
2009-07-30,961.0
2009-07-31,962.0
2009-08-03,905.0
2009-08-04,877.0
2009-08-05,873.0
2009-08-06,887.0
2009-08-07,862.0
2009-08-10,875.0
2009-08-11,897.0
2009-08-12,888.0
2009-08-13,901.0
2009-08-14,912.0
2009-08-17,925.0
2009-08-18,924.0
2009-08-19,926.0
2009-08-20,914.0
2009-08-21,864.0
2009-08-24,855.0
2009-08-25,874.0
2009-08-26,917.0
2009-08-27,934.0
2009-08-28,940.0
2009-08-31,957.0
2009-09-01,967.0
2009-09-02,973.0
2009-09-03,921.0
2009-09-04,931.0
2009-09-08,876.0
2009-09-09,844.0
2009-09-10,858.0
2009-09-11,837.0
2009-09-14,809.0
2009-09-15,751.0
2009-09-16,730.0
2009-09-17,756.0
2009-09-18,755.0
2009-09-21,731.0
2009-09-22,739.0
2009-09-23,765.0
2009-09-24,795.0
2009-09-25,807.0
2009-09-28,803.0
2009-09-29,799.0
2009-09-30,784.0
2009-10-01,797.0
2009-10-02,792.0
2009-10-05,723.0
2009-10-06,708.0
2009-10-07,718.0
2009-10-08,690.0
2009-10-09,663.0
2009-10-13,693.0
2009-10-14,685.0
2009-10-15,693.0
2009-10-16,700.0
2009-10-19,711.0
2009-10-20,699.0
2009-10-21,703.0
2009-10-22,692.0
2009-10-23,692.0
2009-10-26,686.0
2009-10-27,700.0
2009-10-28,711.0
2009-10-29,707.0
2009-10-30,721.0
2009-11-02,732.0
2009-11-03,737.0
2009-11-04,728.0
2009-11-05,735.0
2009-11-06,738.0
2009-11-09,730.0
2009-11-10,729.0
2009-11-12,733.0
2009-11-13,735.0
2009-11-16,728.0
2009-11-17,724.0
2009-11-18,712.0
2009-11-19,714.0
2009-11-20,710.0
2009-11-23,698.0
2009-11-24,700.0
2009-11-25,701.0
2009-11-27,737.0
2009-11-30,766.0
2009-12-01,755.0
2009-12-02,770.0
2009-12-03,783.0
2009-12-04,773.0
2009-12-07,780.0
2009-12-08,793.0
2009-12-09,794.0
2009-12-10,777.0
2009-12-11,733.0
2009-12-14,709.0
2009-12-15,709.0
2009-12-16,689.0
2009-12-17,722.0
2009-12-18,711.0
2009-12-21,690.0
2009-12-22,671.0
2009-12-23,672.0
2009-12-24,666.0
2009-12-28,659.0
2009-12-29,662.0
2009-12-30,663.0
2009-12-31,660.0
2010-01-04,631.0
2010-01-05,643.0
2010-01-06,656.0
2010-01-07,669.0
2010-01-08,685.0
2010-01-11,681.0
2010-01-12,729.0
2010-01-13,727.0
2010-01-14,710.0
2010-01-15,735.0
2010-01-19,708.0
2010-01-20,723.0
2010-01-21,740.0
2010-01-22,756.0
2010-01-25,737.0
2010-01-26,739.0
2010-01-27,749.0
2010-01-28,751.0
2010-01-29,753.0
2010-02-01,739.0
2010-02-02,753.0
2010-02-03,751.0
2010-02-04,798.0
2010-02-05,813.0
2010-02-08,809.0
2010-02-09,801.0
2010-02-10,791.0
2010-02-11,777.0
2010-02-12,794.0
2010-02-16,797.0
2010-02-17,788.0
2010-02-18,793.0
2010-02-19,782.0
2010-02-22,785.0
2010-02-23,826.0
2010-02-24,805.0
2010-02-25,809.0
2010-02-26,806.0
2010-03-01,776.0
2010-03-02,769.0
2010-03-03,770.0
2010-03-04,764.0
2010-03-05,750.0
2010-03-08,751.0
2010-03-09,729.0
2010-03-10,722.0
2010-03-11,718.0
2010-03-12,722.0
2010-03-15,719.0
2010-03-16,720.0
2010-03-17,705.0
2010-03-18,685.0
2010-03-19,678.0
2010-03-22,677.0
2010-03-23,669.0
2010-03-24,655.0
2010-03-25,644.0
2010-03-26,645.0
2010-03-29,644.0
2010-03-30,640.0
2010-03-31,646.0
2010-04-01,646.0
2010-04-05,614.0
2010-04-06,614.0
2010-04-07,636.0
2010-04-08,637.0
2010-04-09,626.0
2010-04-12,621.0
2010-04-13,624.0
2010-04-14,618.0
2010-04-15,601.0
2010-04-16,619.0
2010-04-19,618.0
2010-04-20,622.0
2010-04-21,633.0
2010-04-22,637.0
2010-04-23,638.0
2010-04-26,620.0
2010-04-27,652.0
2010-04-28,644.0
2010-04-29,649.0
2010-04-30,659.0
2010-05-03,653.0
2010-05-04,690.0
2010-05-05,724.0
2010-05-06,786.0
2010-05-07,778.0
2010-05-10,736.0
2010-05-11,725.0
2010-05-12,709.0
2010-05-13,696.0
2010-05-14,725.0
2010-05-17,726.0
2010-05-18,754.0
2010-05-19,782.0
2010-05-20,850.0
2010-05-21,844.0
2010-05-24,832.0
2010-05-25,878.0
2010-05-26,833.0
2010-05-27,796.0
2010-05-28,807.0
2010-06-01,814.0
2010-06-02,787.0
2010-06-03,775.0
2010-06-04,816.0
2010-06-07,842.0
2010-06-08,852.0
2010-06-09,844.0
2010-06-10,808.0
2010-06-11,833.0
2010-06-14,819.0
2010-06-15,814.0
2010-06-16,795.0
2010-06-17,800.0
2010-06-18,769.0
2010-06-21,758.0
2010-06-22,777.0
2010-06-23,785.0
2010-06-24,792.0
2010-06-25,795.0
2010-06-28,780.0
2010-06-29,796.0
2010-06-30,821.0
2010-07-01,846.0
2010-07-02,831.0
2010-07-06,805.0
2010-07-07,782.0
2010-07-08,765.0
2010-07-09,757.0
2010-07-12,749.0
2010-07-13,740.0
2010-07-14,743.0
2010-07-15,753.0
2010-07-16,756.0
2010-07-19,748.0
2010-07-20,746.0
2010-07-21,743.0
2010-07-22,717.0
2010-07-23,719.0
2010-07-26,706.0
2010-07-27,696.0
2010-07-28,698.0
2010-07-29,691.0
2010-07-30,707.0
2010-08-02,685.0
2010-08-03,697.0
2010-08-04,669.0
2010-08-05,674.0
2010-08-06,671.0
2010-08-09,653.0
2010-08-10,657.0
2010-08-11,672.0
2010-08-12,673.0
2010-08-13,670.0
2010-08-16,690.0
2010-08-17,678.0
2010-08-18,683.0
2010-08-19,693.0
2010-08-20,694.0
2010-08-23,691.0
2010-08-24,727.0
2010-08-25,750.0
2010-08-26,776.0
2010-08-27,754.0
2010-08-30,756.0
2010-08-31,760.0
2010-09-01,725.0
2010-09-02,710.0
2010-09-03,685.0
2010-09-07,708.0
2010-09-08,716.0
2010-09-09,709.0
2010-09-10,709.0
2010-09-13,698.0
2010-09-14,682.0
2010-09-15,667.0
2010-09-16,652.0
2010-09-17,662.0
2010-09-20,660.0
2010-09-21,681.0
2010-09-22,683.0
2010-09-23,700.0
2010-09-24,680.0
2010-09-27,678.0
2010-09-28,683.0
2010-09-29,680.0
2010-09-30,675.0
2010-10-01,662.0
2010-10-04,668.0
2010-10-05,647.0
2010-10-06,654.0
2010-10-07,648.0
2010-10-08,630.0
2010-10-12,590.0
2010-10-13,573.0
2010-10-14,585.0
2010-10-15,578.0
2010-10-18,584.0
2010-10-19,602.0
2010-10-20,604.0
2010-10-21,608.0
2010-10-22,605.0
2010-10-25,590.0
2010-10-26,582.0
2010-10-27,533.0
2010-10-28,527.0
2010-10-29,528.0
2010-11-01,532.0
2010-11-02,538.0
2010-11-03,518.0
2010-11-04,507.0
2010-11-05,501.0
2010-11-08,512.0
2010-11-09,515.0
2010-11-10,520.0
2010-11-12,529.0
2010-11-15,528.0
2010-11-16,566.0
2010-11-17,555.0
2010-11-18,535.0
2010-11-19,531.0
2010-11-22,537.0
2010-11-23,546.0
2010-11-24,521.0
2010-11-26,521.0
2010-11-29,555.0
2010-11-30,582.0
2010-12-01,547.0
2010-12-02,532.0
2010-12-03,528.0
2010-12-06,528.0
2010-12-07,497.0
2010-12-08,507.0
2010-12-09,507.0
2010-12-10,507.0
2010-12-13,507.0
2010-12-14,498.0
2010-12-15,515.0
2010-12-16,515.0
2010-12-17,533.0
2010-12-20,514.0
2010-12-21,510.0
2010-12-22,495.0
2010-12-23,490.0
2010-12-27,489.0
2010-12-28,481.0
2010-12-29,488.0
2010-12-30,486.0
2010-12-31,496.0
2011-01-03,483.0
2011-01-04,479.0
2011-01-05,473.0
2011-01-06,475.0
2011-01-07,492.0
2011-01-10,490.0
2011-01-11,477.0
2011-01-12,468.0
2011-01-13,467.0
2011-01-14,472.0
2011-01-18,462.0
2011-01-19,481.0
2011-01-20,462.0
2011-01-21,478.0
2011-01-24,472.0
2011-01-25,488.0
2011-01-26,484.0
2011-01-27,492.0
2011-01-28,537.0
2011-01-31,552.0
2011-02-01,525.0
2011-02-02,517.0
2011-02-03,522.0
2011-02-04,518.0
2011-02-07,518.0
2011-02-08,513.0
2011-02-09,530.0
2011-02-10,527.0
2011-02-11,534.0
2011-02-14,544.0
2011-02-15,554.0
2011-02-16,549.0
2011-02-17,538.0
2011-02-18,533.0
2011-02-22,559.0
2011-02-23,571.0
2011-02-24,588.0
2011-02-25,573.0
2011-02-28,580.0
2011-03-01,590.0
2011-03-02,571.0
2011-03-03,554.0
2011-03-04,563.0
2011-03-07,558.0
2011-03-08,547.0
2011-03-09,561.0
2011-03-10,575.0
2011-03-11,574.0
2011-03-14,580.0
2011-03-15,597.0
2011-03-16,608.0
2011-03-17,590.0
2011-03-18,591.0
2011-03-21,577.0
2011-03-22,582.0
2011-03-23,563.0
2011-03-24,549.0
2011-03-25,535.0
2011-03-28,538.0
2011-03-29,544.0
2011-03-30,535.0
2011-03-31,539.0
2011-04-01,513.0
2011-04-04,515.0
2011-04-05,518.0
2011-04-06,513.0
2011-04-07,514.0
2011-04-08,507.0
2011-04-11,508.0
2011-04-12,525.0
2011-04-13,525.0
2011-04-14,528.0
2011-04-15,529.0
2011-04-18,540.0
2011-04-19,547.0
2011-04-20,541.0
2011-04-21,542.0
2011-04-25,547.0
2011-04-26,564.0
2011-04-27,567.0
2011-04-28,563.0
2011-04-29,555.0
2011-05-02,546.0
2011-05-03,555.0
2011-05-04,564.0
2011-05-05,582.0
2011-05-06,577.0
2011-05-09,588.0
2011-05-10,584.0
2011-05-11,586.0
2011-05-12,567.0
2011-05-13,579.0
2011-05-16,588.0
2011-05-17,594.0
2011-05-18,579.0
2011-05-19,576.0
2011-05-20,577.0
2011-05-23,590.0
2011-05-24,591.0
2011-05-25,587.0
2011-05-26,600.0
2011-05-27,595.0
2011-05-31,592.0
2011-06-01,609.0
2011-06-02,597.0
2011-06-03,597.0
2011-06-06,597.0
2011-06-07,592.0
2011-06-08,602.0
2011-06-09,587.0
2011-06-10,590.0
2011-06-13,596.0
2011-06-14,574.0
2011-06-15,597.0
2011-06-16,625.0
2011-06-17,628.0
2011-06-20,622.0
2011-06-21,614.0
2011-06-22,611.0
2011-06-23,629.0
2011-06-24,636.0
2011-06-27,628.0
2011-06-28,607.0
2011-06-29,597.0
2011-06-30,568.0
2011-07-01,556.0
2011-07-05,565.0
2011-07-06,572.0
2011-07-07,570.0
2011-07-08,588.0
2011-07-11,608.0
2011-07-12,614.0
2011-07-13,621.0
2011-07-14,628.0
2011-07-15,623.0
2011-07-18,628.0
2011-07-19,621.0
2011-07-20,614.0
2011-07-21,593.0
2011-07-22,591.0
2011-07-25,577.0
2011-07-26,582.0
2011-07-27,577.0
2011-07-28,581.0
2011-07-29,592.0
2011-08-01,593.0
2011-08-02,611.0
2011-08-03,619.0
2011-08-04,648.0
2011-08-05,689.0
2011-08-08,756.0
2011-08-09,741.0
2011-08-10,754.0
2011-08-11,737.0
2011-08-12,716.0
2011-08-15,709.0
2011-08-16,728.0
2011-08-17,729.0
2011-08-18,759.0
2011-08-19,750.0
2011-08-22,755.0
2011-08-23,763.0
2011-08-24,746.0
2011-08-25,749.0
2011-08-26,758.0
2011-08-29,741.0
2011-08-30,749.0
2011-08-31,738.0
2011-09-01,757.0
2011-09-02,782.0
2011-09-06,799.0
2011-09-07,790.0
2011-09-08,795.0
2011-09-09,812.0
2011-09-12,824.0
2011-09-13,841.0
2011-09-14,864.0
2011-09-15,850.0
2011-09-16,836.0
2011-09-19,868.0
2011-09-20,876.0
2011-09-21,918.0
2011-09-22,991.0
2011-09-23,983.0
2011-09-26,984.0
2011-09-27,928.0
2011-09-28,977.0
2011-09-29,967.0
2011-09-30,993.0
2011-10-03,1018.0
2011-10-04,1017.0
2011-10-05,1013.0
2011-10-06,976.0
2011-10-07,963.0
2011-10-11,935.0
2011-10-12,883.0
2011-10-13,900.0
2011-10-14,861.0
2011-10-17,878.0
2011-10-18,888.0
2011-10-19,886.0
2011-10-20,912.0
2011-10-21,899.0
2011-10-24,888.0
2011-10-25,881.0
2011-10-26,874.0
2011-10-27,789.0
2011-10-28,800.0
2011-10-31,835.0
2011-11-01,850.0
2011-11-02,847.0
2011-11-03,809.0
2011-11-04,818.0
2011-11-07,821.0
2011-11-08,807.0
2011-11-09,848.0
2011-11-10,846.0
2011-11-14,849.0
2011-11-15,855.0
2011-11-16,872.0
2011-11-17,898.0
2011-11-18,912.0
2011-11-21,955.0
2011-11-22,970.0
2011-11-23,1003.0
2011-11-25,997.0
2011-11-28,982.0
2011-11-29,974.0
2011-11-30,941.0
2011-12-01,934.0
2011-12-02,932.0
2011-12-05,929.0
2011-12-06,900.0
2011-12-07,905.0
2011-12-08,914.0
2011-12-09,895.0
2011-12-12,909.0
2011-12-13,919.0
2011-12-14,938.0
2011-12-15,949.0
2011-12-16,960.0
2011-12-19,961.0
2011-12-20,944.0
2011-12-21,943.0
2011-12-22,927.0
2011-12-23,918.0
2011-12-27,915.0
2011-12-28,922.0
2011-12-29,925.0
2011-12-30,925.0
2012-01-03,900.0
2012-01-04,881.0
2012-01-05,873.0
2012-01-06,884.0
2012-01-09,870.0
2012-01-10,869.0
2012-01-11,888.0
2012-01-12,891.0
2012-01-13,894.0
2012-01-17,888.0
2012-01-18,859.0
2012-01-19,837.0
2012-01-20,821.0
2012-01-23,796.0
2012-01-24,806.0
2012-01-25,789.0
2012-01-26,798.0
2012-01-27,810.0
2012-01-30,825.0
2012-01-31,840.0
2012-02-01,824.0
2012-02-02,828.0
2012-02-03,808.0
2012-02-06,813.0
2012-02-07,810.0
2012-02-08,820.0
2012-02-09,844.0
2012-02-10,858.0
2012-02-13,835.0
2012-02-14,844.0
2012-02-15,844.0
2012-02-16,829.0
2012-02-17,808.0
2012-02-21,800.0
2012-02-22,797.0
2012-02-23,798.0
2012-02-24,800.0
2012-02-27,817.0
2012-02-28,829.0
2012-02-29,843.0
2012-03-01,818.0
2012-03-02,811.0
2012-03-05,820.0
2012-03-06,835.0
2012-03-07,834.0
2012-03-08,816.0
2012-03-09,822.0
2012-03-12,827.0
2012-03-13,807.0
2012-03-14,795.0
2012-03-15,788.0
2012-03-16,792.0
2012-03-19,784.0
2012-03-20,793.0
2012-03-21,799.0
2012-03-22,814.0
2012-03-23,822.0
2012-03-26,829.0
2012-03-27,846.0
2012-03-28,880.0
2012-03-29,899.0
2012-03-30,880.0
2012-04-02,902.0
2012-04-03,896.0
2012-04-04,934.0
2012-04-05,938.0
2012-04-09,947.0
2012-04-10,960.0
2012-04-11,946.0
2012-04-12,931.0
2012-04-13,946.0
2012-04-16,976.0
2012-04-17,992.0
2012-04-18,1048.0
2012-04-19,1019.0
2012-04-20,994.0
2012-04-23,1010.0
2012-04-24,1003.0
2012-04-25,981.0
2012-04-26,983.0
2012-04-27,973.0
2012-04-30,962.0
2012-05-01,953.0
2012-05-02,967.0
2012-05-03,973.0
2012-05-04,998.0
2012-05-07,994.0
2012-05-08,1005.0
2012-05-09,1020.0
2012-05-10,1014.0
2012-05-11,1042.0
2012-05-14,1077.0
2012-05-15,1103.0
2012-05-16,1134.0
2012-05-17,1132.0
2012-05-18,1134.0
2012-05-21,1123.0
2012-05-22,1121.0
2012-05-23,1152.0
2012-05-24,1184.0
2012-05-25,1175.0
2012-05-29,1185.0
2012-05-30,1244.0
2012-05-31,1236.0
2012-06-01,1249.0
2012-06-04,1211.0
2012-06-05,1165.0
2012-06-06,1117.0
2012-06-07,1170.0
2012-06-08,1167.0
2012-06-11,1199.0
2012-06-12,1131.0
2012-06-13,1111.0
2012-06-14,1088.0
2012-06-15,1077.0
2012-06-18,1094.0
2012-06-19,1079.0
2012-06-20,1078.0
2012-06-21,1111.0
2012-06-22,1103.0
2012-06-25,1128.0
2012-06-26,1112.0
2012-06-27,1103.0
2012-06-28,1120.0
2012-06-29,1088.0
2012-07-02,1071.0
2012-07-03,1044.0
2012-07-05,1053.0
2012-07-06,1080.0
2012-07-09,1090.0
2012-07-10,1108.0
2012-07-11,1098.0
2012-07-12,1097.0
2012-07-13,1075.0
2012-07-16,1079.0
2012-07-17,1066.0
2012-07-18,1084.0
2012-07-19,1088.0
2012-07-20,1114.0
2012-07-23,1128.0
2012-07-24,1147.0
2012-07-25,1136.0
2012-07-26,1116.0
2012-07-27,1082.0
2012-07-30,1085.0
2012-07-31,1087.0
2012-08-01,1075.0
2012-08-02,1083.0
2012-08-03,1050.0
2012-08-06,1051.0
2012-08-07,1040.0
2012-08-08,1031.0
2012-08-09,1048.0
2012-08-10,1059.0
2012-08-13,1051.0
2012-08-14,1040.0
2012-08-15,1032.0
2012-08-16,1010.0
2012-08-17,1013.0
2012-08-20,1025.0
2012-08-21,1014.0
2012-08-22,1023.0
2012-08-23,1027.0
2012-08-24,1023.0
2012-08-27,1027.0
2012-08-28,1024.0
2012-08-29,1038.0
2012-08-30,1064.0
2012-08-31,1051.0
2012-09-04,1038.0
2012-09-05,1019.0
2012-09-06,981.0
2012-09-07,977.0
2012-09-10,971.0
2012-09-11,952.0
2012-09-12,944.0
2012-09-13,916.0
2012-09-14,860.0
2012-09-17,847.0
2012-09-18,881.0
2012-09-19,867.0
2012-09-20,866.0
2012-09-21,851.0
2012-09-24,859.0
2012-09-25,890.0
2012-09-26,907.0
2012-09-27,892.0
2012-09-28,897.0
2012-10-01,880.0
2012-10-02,882.0
2012-10-03,879.0
2012-10-04,856.0
2012-10-05,842.0
2012-10-09,888.0
2012-10-10,908.0
2012-10-11,891.0
2012-10-12,870.0
2012-10-15,851.0
2012-10-16,851.0
2012-10-17,845.0
2012-10-18,845.0
2012-10-19,866.0
2012-10-22,862.0
2012-10-23,860.0
2012-10-24,858.0
2012-10-25,851.0
2012-10-26,987.0
2012-10-29,1024.0
2012-10-31,1066.0
2012-11-01,1127.0
2012-11-02,1158.0
2012-11-05,1115.0
2012-11-06,1092.0
2012-11-07,1149.0
2012-11-08,1165.0
2012-11-09,1209.0
2012-11-13,1222.0
2012-11-14,1233.0
2012-11-15,1275.0
2012-11-16,1264.0
2012-11-19,1171.0
2012-11-20,1159.0
2012-11-21,1147.0
2012-11-23,1147.0
2012-11-26,1348.0
2012-11-27,1315.0
2012-11-28,1340.0
2012-11-29,1168.0
2012-11-30,1140.0
2012-12-03,1144.0
2012-12-04,1107.0
2012-12-05,1086.0
2012-12-06,1079.0
2012-12-07,1066.0
2012-12-10,1047.0
2012-12-11,1041.0
2012-12-12,1036.0
2012-12-13,1037.0
2012-12-14,1024.0
2012-12-17,1023.0
2012-12-18,1006.0
2012-12-19,1000.0
2012-12-20,997.0
2012-12-21,1014.0
2012-12-24,1012.0
2012-12-26,1013.0
2012-12-27,1014.0
2012-12-28,1002.0
2012-12-31,991.0
2013-01-02,949.0
2013-01-03,935.0
2013-01-04,943.0
2013-01-07,966.0
2013-01-08,1020.0
2013-01-09,1037.0
2013-01-10,1080.0
2013-01-11,1094.0
2013-01-14,1087.0
2013-01-15,1088.0
2013-01-16,1077.0
2013-01-17,1062.0
2013-01-18,1070.0
2013-01-22,1070.0
2013-01-23,1100.0
2013-01-24,1106.0
2013-01-25,1113.0
2013-01-28,1110.0
2013-01-29,1101.0
2013-01-30,1101.0
2013-01-31,1102.0
2013-02-01,1082.0
2013-02-04,1092.0
2013-02-05,1089.0
2013-02-06,1124.0
2013-02-07,1102.0
2013-02-08,1077.0
2013-02-11,1089.0
2013-02-12,1111.0
2013-02-13,1098.0
2013-02-14,1093.0
2013-02-15,1098.0
2013-02-19,1100.0
2013-02-20,1104.0
2013-02-21,1132.0
2013-02-22,1131.0
2013-02-25,1137.0
2013-02-26,1115.0
2013-02-27,1114.0
2013-02-28,1287.0
2013-03-01,1218.0
2013-03-04,1208.0
2013-03-05,1198.0
2013-03-06,1177.0
2013-03-07,1171.0
2013-03-08,1160.0
2013-03-11,1157.0
2013-03-12,1136.0
2013-03-13,1149.0
2013-03-14,1157.0
2013-03-15,1183.0
2013-03-18,1180.0
2013-03-19,1205.0
2013-03-20,1202.0
2013-03-21,1217.0
2013-03-22,1219.0
2013-03-25,1261.0
2013-03-26,1293.0
2013-03-27,1337.0
2013-03-28,1307.0
2013-04-01,1321.0
2013-04-02,1306.0
2013-04-03,1262.0
2013-04-04,1254.0
2013-04-05,1271.0
2013-04-08,1257.0
2013-04-09,1233.0
2013-04-10,1219.0
2013-04-11,1205.0
2013-04-12,1167.0
2013-04-15,1159.0
2013-04-16,1165.0
2013-04-17,1186.0
2013-04-18,1204.0
2013-04-19,1209.0
2013-04-22,1216.0
2013-04-23,1212.0
2013-04-24,1212.0
2013-04-25,1210.0
2013-04-26,1215.0
2013-04-29,1212.0
2013-04-30,1210.0
2013-05-01,1215.0
2013-05-02,1205.0
2013-05-03,1204.0
2013-05-06,1205.0
2013-05-07,1208.0
2013-05-08,1203.0
2013-05-09,1194.0
2013-05-10,1193.0
2013-05-13,1191.0
2013-05-14,1177.0
2013-05-15,1186.0
2013-05-16,1184.0
2013-05-17,1157.0
2013-05-20,1148.0
2013-05-21,1149.0
2013-05-22,1127.0
2013-05-23,1141.0
2013-05-24,1144.0
2013-05-28,1128.0
2013-05-29,1148.0
2013-05-30,1158.0
2013-05-31,1167.0
2013-06-03,1169.0
2013-06-04,1183.0
2013-06-05,1195.0
2013-06-06,1204.0
2013-06-07,1187.0
2013-06-10,1188.0
2013-06-11,1198.0
2013-06-12,1199.0
2013-06-13,1192.0
2013-06-14,1197.0
2013-06-17,1198.0
2013-06-18,1221.0
2013-06-19,1213.0
2013-06-20,1227.0
2013-06-21,1223.0
2013-06-24,1229.0
2013-06-25,1221.0
2013-06-26,1219.0
2013-06-27,1215.0
2013-06-28,1199.0
2013-07-01,1189.0
2013-07-02,1199.0
2013-07-03,1204.0
2013-07-05,1188.0
2013-07-08,1194.0
2013-07-09,1194.0
2013-07-10,1205.0
2013-07-11,1194.0
2013-07-12,1188.0
2013-07-15,1164.0
2013-07-16,1142.0
2013-07-17,1139.0
2013-07-18,1052.0
2013-07-19,1075.0
2013-07-22,1040.0
2013-07-23,1025.0
2013-07-24,1063.0
2013-07-25,1092.0
2013-07-26,1107.0
2013-07-29,1139.0
2013-07-30,1130.0
2013-07-31,1112.0
2013-08-01,1095.0
2013-08-02,1101.0
2013-08-05,1094.0
2013-08-06,1069.0
2013-08-07,1067.0
2013-08-08,1052.0
2013-08-09,1036.0
2013-08-12,1032.0
2013-08-13,1020.0
2013-08-14,1018.0
2013-08-15,1019.0
2013-08-16,1017.0
2013-08-19,1034.0
2013-08-20,1039.0
2013-08-21,1043.0
2013-08-22,1023.0
2013-08-23,1072.0
2013-08-26,1075.0
2013-08-27,1120.0
2013-08-28,1127.0
2013-08-29,1163.0
2013-08-30,1170.0
2013-09-03,1128.0
2013-09-04,1101.0
2013-09-05,1085.0
2013-09-06,1075.0
2013-09-09,1062.0
2013-09-10,1073.0
2013-09-11,1073.0
2013-09-12,1110.0
2013-09-13,1114.0
2013-09-16,1089.0
2013-09-17,1092.0
2013-09-18,1063.0
2013-09-19,1044.0
2013-09-20,1037.0
2013-09-23,1030.0
2013-09-24,1013.0
2013-09-25,1007.0
2013-09-26,1017.0
2013-09-27,1024.0
2013-09-30,1035.0
2013-10-01,1039.0
2013-10-02,1029.0
2013-10-03,1019.0
2013-10-04,1005.0
2013-10-07,997.0
2013-10-08,979.0
2013-10-09,971.0
2013-10-10,919.0
2013-10-11,904.0
2013-10-15,887.0
2013-10-16,908.0
2013-10-17,904.0
2013-10-18,851.0
2013-10-21,842.0
2013-10-22,859.0
2013-10-23,873.0
2013-10-24,896.0
2013-10-25,891.0
2013-10-28,881.0
2013-10-29,909.0
2013-10-30,921.0
2013-10-31,921.0
2013-11-01,892.0
2013-11-04,875.0
2013-11-05,841.0
2013-11-06,841.0
2013-11-07,838.0
2013-11-08,825.0
2013-11-12,831.0
2013-11-13,839.0
2013-11-14,829.0
2013-11-15,813.0
2013-11-18,807.0
2013-11-19,829.0
2013-11-20,806.0
2013-11-21,791.0
2013-11-22,790.0
2013-11-25,803.0
2013-11-26,789.0
2013-11-27,776.0
2013-11-29,776.0
2013-12-02,777.0
2013-12-03,795.0
2013-12-04,805.0
2013-12-05,798.0
2013-12-06,780.0
2013-12-09,775.0
2013-12-10,782.0
2013-12-11,783.0
2013-12-12,791.0
2013-12-13,804.0
2013-12-16,806.0
2013-12-17,824.0
2013-12-18,824.0
2013-12-19,822.0
2013-12-20,826.0
2013-12-23,823.0
2013-12-24,817.0
2013-12-26,816.0
2013-12-27,809.0
2013-12-30,812.0
2013-12-31,808.0
2014-01-02,800.0
2014-01-03,793.0
2014-01-06,796.0
2014-01-07,836.0
2014-01-08,840.0
2014-01-09,867.0
2014-01-10,914.0
2014-01-13,937.0
2014-01-14,911.0
2014-01-15,901.0
2014-01-16,926.0
2014-01-17,941.0
2014-01-21,920.0
2014-01-22,952.0
2014-01-23,996.0
2014-01-24,1043.0
2014-01-27,1018.0
2014-01-28,983.0
2014-01-29,1037.0
2014-01-30,1067.0
2014-01-31,1085.0
2014-02-03,1103.0
2014-02-04,1056.0
2014-02-05,1018.0
2014-02-06,984.0
2014-02-07,961.0
2014-02-10,984.0
2014-02-11,972.0
2014-02-12,974.0
2014-02-13,970.0
2014-02-14,951.0
2014-02-18,972.0
2014-02-19,986.0
2014-02-20,961.0
2014-02-21,951.0
2014-02-24,928.0
2014-02-25,924.0
2014-02-26,927.0
2014-02-27,917.0
2014-02-28,907.0
2014-03-03,926.0
2014-03-04,917.0
2014-03-05,929.0
2014-03-06,905.0
2014-03-07,899.0
2014-03-10,900.0
2014-03-11,903.0
2014-03-12,904.0
2014-03-13,926.0
2014-03-14,914.0
2014-03-17,883.0
2014-03-18,883.0
2014-03-19,873.0
2014-03-20,861.0
2014-03-21,849.0
2014-03-24,850.0
2014-03-25,846.0
2014-03-26,851.0
2014-03-27,837.0
2014-03-28,824.0
2014-03-31,799.0
2014-04-01,802.0
2014-04-02,794.0
2014-04-03,782.0
2014-04-04,754.0
2014-04-07,775.0
2014-04-08,791.0
2014-04-09,769.0
2014-04-10,769.0
2014-04-11,779.0
2014-04-14,784.0
2014-04-15,804.0
2014-04-16,805.0
2014-04-17,796.0
2014-04-21,796.0
2014-04-22,780.0
2014-04-23,792.0
2014-04-24,789.0
2014-04-25,809.0
2014-04-28,795.0
2014-04-29,790.0
2014-04-30,786.0
2014-05-01,778.0
2014-05-02,787.0
2014-05-05,781.0
2014-05-06,781.0
2014-05-07,752.0
2014-05-08,759.0
2014-05-09,771.0
2014-05-12,763.0
2014-05-13,774.0
2014-05-14,773.0
2014-05-15,788.0
2014-05-16,795.0
2014-05-19,801.0
2014-05-20,813.0
2014-05-21,815.0
2014-05-22,834.0
2014-05-23,832.0
2014-05-27,846.0
2014-05-28,850.0
2014-05-29,832.0
2014-05-30,833.0
2014-06-02,839.0
2014-06-03,833.0
2014-06-04,819.0
2014-06-05,796.0
2014-06-06,766.0
2014-06-09,769.0
2014-06-10,767.0
2014-06-11,754.0
2014-06-12,761.0
2014-06-13,737.0
2014-06-16,850.0
2014-06-17,873.0
2014-06-18,797.0
2014-06-19,817.0
2014-06-20,709.0
2014-06-23,669.0
2014-06-24,676.0
2014-06-25,667.0
2014-06-26,692.0
2014-06-27,708.0
2014-06-30,724.0
2014-07-01,697.0
2014-07-02,686.0
2014-07-03,673.0
2014-07-07,680.0
2014-07-08,668.0
2014-07-09,591.0
2014-07-10,593.0
2014-07-11,596.0
2014-07-14,631.0
2014-07-15,649.0
2014-07-16,644.0
2014-07-17,669.0
2014-07-18,646.0
2014-07-21,671.0
2014-07-22,667.0
2014-07-23,656.0
2014-07-24,630.0
2014-07-25,687.0
2014-07-28,707.0
2014-07-29,680.0
2014-07-30,560.0
2014-07-31,649.0
2014-08-01,701.0
2014-08-04,730.0
2014-08-05,724.0
2014-08-06,682.0
2014-08-07,696.0
2014-08-08,698.0
2014-08-11,694.0
2014-08-12,720.0
2014-08-13,744.0
2014-08-14,774.0
2014-08-15,801.0
2014-08-18,783.0
2014-08-19,764.0
2014-08-20,790.0
2014-08-21,813.0
2014-08-22,821.0
2014-08-25,820.0
2014-08-26,803.0
2014-08-27,806.0
2014-08-28,804.0
2014-08-29,808.0
2014-09-02,783.0
2014-09-03,749.0
2014-09-04,750.0
2014-09-05,753.0
2014-09-08,763.0
2014-09-09,753.0
2014-09-10,757.0
2014-09-11,731.0
2014-09-12,706.0
2014-09-15,711.0
2014-09-16,690.0
2014-09-17,698.0
2014-09-18,700.0
2014-09-19,699.0
2014-09-22,702.0
2014-09-23,700.0
2014-09-24,685.0
2014-09-25,686.0
2014-09-26,684.0
2014-09-29,693.0
2014-09-30,700.0
2014-10-01,753.0
2014-10-02,735.0
2014-10-03,738.0
2014-10-06,750.0
2014-10-07,768.0
2014-10-08,751.0
2014-10-09,754.0
2014-10-10,771.0
2014-10-14,798.0
2014-10-15,844.0
2014-10-16,833.0
2014-10-17,799.0
2014-10-20,792.0
2014-10-21,779.0
2014-10-22,762.0
2014-10-23,747.0
2014-10-24,745.0
2014-10-27,736.0
2014-10-28,722.0
2014-10-29,712.0
2014-10-30,713.0
2014-10-31,703.0
2014-11-03,682.0
2014-11-04,686.0
2014-11-05,674.0
2014-11-06,672.0
2014-11-07,663.0
2014-11-10,664.0
2014-11-12,658.0
2014-11-13,660.0
2014-11-14,664.0
2014-11-17,667.0
2014-11-18,671.0
2014-11-19,678.0
2014-11-20,683.0
2014-11-21,681.0
2014-11-24,680.0
2014-11-25,680.0
2014-11-26,687.0
2014-11-28,687.0
2014-12-01,698.0
2014-12-02,688.0
2014-12-03,700.0
2014-12-04,699.0
2014-12-05,707.0
2014-12-08,726.0
2014-12-09,743.0
2014-12-10,760.0
2014-12-11,751.0
2014-12-12,780.0
2014-12-15,804.0
2014-12-16,823.0
2014-12-17,800.0
2014-12-18,771.0
2014-12-19,770.0
2014-12-22,768.0
2014-12-23,759.0
2014-12-24,757.0
2014-12-26,728.0
2014-12-29,729.0
2014-12-30,717.0
2014-12-31,719.0
2015-01-02,726.0
2015-01-05,750.0
2015-01-06,766.0
2015-01-07,749.0
2015-01-08,734.0
2015-01-09,726.0
2015-01-12,736.0
2015-01-13,729.0
2015-01-14,720.0
2015-01-15,741.0
2015-01-16,731.0
2015-01-20,720.0
2015-01-21,720.0
2015-01-22,710.0
2015-01-23,726.0
2015-01-26,726.0
2015-01-27,724.0
2015-01-28,730.0
2015-01-29,728.0
2015-01-30,742.0
2015-02-02,739.0
2015-02-03,727.0
2015-02-04,728.0
2015-02-05,718.0
2015-02-06,709.0
2015-02-09,712.0
2015-02-10,712.0
2015-02-11,715.0
2015-02-12,720.0
2015-02-13,702.0
2015-02-17,686.0
2015-02-18,679.0
2015-02-19,668.0
2015-02-20,650.0
2015-02-23,626.0
2015-02-24,633.0
2015-02-25,635.0
2015-02-26,624.0
2015-02-27,618.0
2015-03-02,604.0
2015-03-03,597.0
2015-03-04,586.0
2015-03-05,581.0
2015-03-06,566.0
2015-03-09,561.0
2015-03-10,568.0
2015-03-11,581.0
2015-03-12,580.0
2015-03-13,584.0
2015-03-16,581.0
2015-03-17,586.0
2015-03-18,598.0
2015-03-19,598.0
2015-03-20,604.0
2015-03-23,602.0
2015-03-24,608.0
2015-03-25,608.0
2015-03-26,595.0
2015-03-27,612.0
2015-03-30,620.0
2015-03-31,629.0
2015-04-01,628.0
2015-04-02,618.0
2015-04-03,625.0
2015-04-06,610.0
2015-04-07,609.0
2015-04-08,588.0
2015-04-09,574.0
2015-04-10,568.0
2015-04-13,574.0
2015-04-14,583.0
2015-04-15,590.0
2015-04-16,602.0
2015-04-17,619.0
2015-04-20,617.0
2015-04-21,620.0
2015-04-22,617.0
2015-04-23,619.0
2015-04-24,616.0
2015-04-27,608.0
2015-04-28,603.0
2015-04-29,605.0
2015-04-30,603.0
2015-05-01,596.0
2015-05-04,593.0
2015-05-05,581.0
2015-05-06,581.0
2015-05-07,601.0
2015-05-08,610.0
2015-05-11,606.0
2015-05-12,616.0
2015-05-13,606.0
2015-05-14,615.0
2015-05-15,625.0
2015-05-18,599.0
2015-05-19,590.0
2015-05-20,579.0
2015-05-21,578.0
2015-05-22,576.0
2015-05-26,588.0
2015-05-27,589.0
2015-05-28,594.0
2015-05-29,601.0
2015-06-01,596.0
2015-06-02,576.0
2015-06-03,557.0
2015-06-04,566.0
2015-06-05,555.0
2015-06-08,559.0
2015-06-09,566.0
2015-06-10,567.0
2015-06-11,572.0
2015-06-12,573.0
2015-06-15,580.0
2015-06-16,588.0
2015-06-17,621.0
2015-06-18,629.0
2015-06-19,652.0
2015-06-22,627.0
2015-06-23,614.0
2015-06-24,621.0
2015-06-25,595.0
2015-06-26,589.0
2015-06-29,617.0
2015-06-30,631.0
2015-07-01,624.0
2015-07-02,619.0
2015-07-06,625.0
2015-07-07,625.0
2015-07-08,635.0
2015-07-09,618.0
2015-07-10,595.0
2015-07-13,597.0
2015-07-14,591.0
2015-07-15,577.0
2015-07-16,581.0
2015-07-17,585.0
2015-07-20,582.0
2015-07-21,585.0
2015-07-22,589.0
2015-07-23,591.0
2015-07-24,597.0
2015-07-27,612.0
2015-07-28,610.0
2015-07-29,606.0
2015-07-30,609.0
2015-07-31,615.0
2015-08-03,627.0
2015-08-04,608.0
2015-08-05,583.0
2015-08-06,586.0
2015-08-07,592.0
2015-08-10,572.0
2015-08-11,590.0
2015-08-12,581.0
2015-08-13,580.0
2015-08-14,574.0
2015-08-17,571.0
2015-08-18,565.0
2015-08-19,572.0
2015-08-20,580.0
2015-08-21,593.0
2015-08-24,621.0
2015-08-25,608.0
2015-08-26,612.0
2015-08-27,599.0
2015-08-28,591.0
2015-08-31,584.0
2015-09-01,590.0
2015-09-02,579.0
2015-09-03,567.0
2015-09-04,561.0
2015-09-08,542.0
2015-09-09,538.0
2015-09-10,527.0
2015-09-11,531.0
2015-09-14,540.0
2015-09-15,529.0
2015-09-16,537.0
2015-09-17,542.0
2015-09-18,553.0
2015-09-21,546.0
2015-09-22,568.0
2015-09-23,580.0
2015-09-24,595.0
2015-09-25,575.0
2015-09-28,598.0
2015-09-29,601.0
2015-09-30,591.0
2015-10-01,589.0
2015-10-02,596.0
2015-10-05,584.0
2015-10-06,584.0
2015-10-07,579.0
2015-10-08,577.0
2015-10-09,572.0
2015-10-13,584.0
2015-10-14,588.0
2015-10-15,576.0
2015-10-16,558.0
2015-10-19,554.0
2015-10-20,555.0
2015-10-21,557.0
2015-10-22,553.0
2015-10-23,542.0
2015-10-26,519.0
2015-10-27,520.0
2015-10-28,495.0
2015-10-29,485.0
2015-10-30,489.0
2015-11-02,490.0
2015-11-03,484.0
2015-11-04,498.0
2015-11-05,504.0
2015-11-06,499.0
2015-11-09,495.0
2015-11-10,482.0
2015-11-12,486.0
2015-11-13,496.0
2015-11-16,485.0
2015-11-17,481.0
2015-11-18,471.0
2015-11-19,475.0
2015-11-20,470.0
2015-11-23,466.0
2015-11-24,485.0
2015-11-25,490.0
2015-11-27,491.0
2015-11-30,487.0
2015-12-01,496.0
2015-12-02,499.0
2015-12-03,494.0
2015-12-04,500.0
2015-12-07,500.0
2015-12-08,498.0
2015-12-09,495.0
2015-12-10,480.0
2015-12-11,490.0
2015-12-14,500.0
2015-12-15,487.0
2015-12-16,482.0
2015-12-17,475.0
2015-12-18,485.0
2015-12-21,478.0
2015-12-22,475.0
2015-12-23,465.0
2015-12-24,468.0
2015-12-28,444.0
2015-12-29,435.0
2015-12-30,435.0
2015-12-31,438.0
2016-01-04,447.0
2016-01-05,437.0
2016-01-06,448.0
2016-01-07,453.0
2016-01-08,455.0
2016-01-11,455.0
2016-01-12,463.0
2016-01-13,481.0
2016-01-14,483.0
2016-01-15,498.0
2016-01-19,501.0
2016-01-20,524.0
2016-01-21,525.0
2016-01-22,515.0
2016-01-25,515.0
2016-01-26,513.0
2016-01-27,510.0
2016-01-28,507.0
2016-01-29,502.0
2016-02-01,488.0
2016-02-02,487.0
2016-02-03,474.0
2016-02-04,472.0
2016-02-05,471.0
2016-02-08,474.0
2016-02-09,482.0
2016-02-10,487.0
2016-02-11,502.0
2016-02-12,477.0
2016-02-16,468.0
2016-02-17,458.0
2016-02-18,461.0
2016-02-19,463.0
2016-02-22,453.0
2016-02-23,456.0
2016-02-24,459.0
2016-02-25,461.0
2016-02-26,461.0
2016-02-29,465.0
2016-03-01,454.0
2016-03-02,455.0
2016-03-03,484.0
2016-03-04,459.0
2016-03-07,457.0
2016-03-08,464.0
2016-03-09,457.0
2016-03-10,455.0
2016-03-11,437.0
2016-03-14,437.0
2016-03-15,447.0
2016-03-16,448.0
2016-03-17,440.0
2016-03-18,444.0
2016-03-21,437.0
2016-03-22,437.0
2016-03-23,448.0
2016-03-24,459.0
2016-03-28,450.0
2016-03-29,451.0
2016-03-30,438.0
2016-03-31,444.0
2016-04-01,443.0
2016-04-04,442.0
2016-04-05,449.0
2016-04-06,442.0
2016-04-07,453.0
2016-04-08,450.0
2016-04-11,443.0
2016-04-12,432.0
2016-04-13,419.0
2016-04-14,413.0
2016-04-15,416.0
2016-04-18,403.0
2016-04-19,388.0
2016-04-20,380.0
2016-04-21,379.0
2016-04-22,382.0
2016-04-25,391.0
2016-04-26,383.0
2016-04-27,526.0
2016-04-28,541.0
2016-04-29,544.0
2016-05-02,538.0
2016-05-03,550.0
2016-05-04,558.0
2016-05-05,569.0
2016-05-06,559.0
2016-05-09,565.0
2016-05-10,566.0
2016-05-11,567.0
2016-05-12,564.0
2016-05-13,557.0
2016-05-16,544.0
2016-05-17,542.0
2016-05-18,535.0
2016-05-19,548.0
2016-05-20,545.0
2016-05-23,543.0
2016-05-24,538.0
2016-05-25,529.0
2016-05-26,526.0
2016-05-27,520.0
2016-05-31,522.0
2016-06-01,512.0
2016-06-02,516.0
2016-06-03,520.0
2016-06-06,512.0
2016-06-07,508.0
2016-06-08,520.0
2016-06-09,524.0
2016-06-10,534.0
2016-06-13,540.0
2016-06-14,540.0
2016-06-15,532.0
2016-06-16,533.0
2016-06-17,532.0
2016-06-20,516.0
2016-06-21,511.0
2016-06-22,506.0
2016-06-23,495.0
2016-06-24,521.0
2016-06-27,534.0
2016-06-28,529.0
2016-06-29,519.0
2016-06-30,518.0
2016-07-01,513.0
2016-07-05,527.0
2016-07-06,528.0
2016-07-07,533.0
2016-07-08,526.0
2016-07-11,517.0
2016-07-12,507.0
2016-07-13,509.0
2016-07-14,503.0
2016-07-15,499.0
2016-07-18,499.0
2016-07-19,500.0
2016-07-20,498.0
2016-07-21,503.0
2016-07-22,500.0
2016-07-25,503.0
2016-07-26,509.0
2016-07-27,521.0
2016-07-28,522.0
2016-07-29,521.0
2016-08-01,523.0
2016-08-02,523.0
2016-08-03,514.0
2016-08-04,513.0
2016-08-05,507.0
2016-08-08,505.0
2016-08-09,502.0
2016-08-10,497.0
2016-08-11,488.0
2016-08-12,482.0
2016-08-15,474.0
2016-08-16,464.0
2016-08-17,470.0
2016-08-18,473.0
2016-08-19,476.0
2016-08-22,485.0
2016-08-23,479.0
2016-08-24,488.0
2016-08-25,488.0
2016-08-26,480.0
2016-08-29,482.0
2016-08-30,482.0
2016-08-31,454.0
2016-09-01,458.0
2016-09-02,448.0
2016-09-06,445.0
2016-09-07,438.0
2016-09-08,436.0
2016-09-09,451.0
2016-09-12,447.0
2016-09-13,461.0
2016-09-14,471.0
2016-09-15,461.0
2016-09-16,462.0
2016-09-19,455.0
2016-09-20,447.0
2016-09-21,428.0
2016-09-22,428.0
2016-09-23,437.0
2016-09-26,446.0
2016-09-27,446.0
2016-09-28,437.0
2016-09-29,445.0
2016-09-30,439.0
2016-10-03,436.0
2016-10-04,435.0
2016-10-05,436.0
2016-10-06,448.0
2016-10-07,451.0
2016-10-11,453.0
2016-10-12,449.0
2016-10-13,449.0
2016-10-14,455.0
2016-10-17,465.0
2016-10-18,461.0
2016-10-19,451.0
2016-10-20,446.0
2016-10-21,440.0
2016-10-24,441.0
2016-10-25,446.0
2016-10-26,447.0
2016-10-27,453.0
2016-10-28,450.0
2016-10-31,451.0
2016-11-01,461.0
2016-11-02,468.0
2016-11-03,459.0
2016-11-04,460.0
2016-11-07,443.0
2016-11-08,436.0
2016-11-09,438.0
2016-11-10,475.0
2016-11-14,504.0
2016-11-15,490.0
2016-11-16,487.0
2016-11-17,489.0
2016-11-18,488.0
2016-11-21,489.0
2016-11-22,486.0
2016-11-23,489.0
2016-11-25,489.0
2016-11-28,489.0
2016-11-29,496.0
2016-11-30,515.0
2016-12-01,529.0
2016-12-02,528.0
2016-12-05,524.0
2016-12-06,499.0
2016-12-07,486.0
2016-12-08,489.0
2016-12-09,490.0
2016-12-12,513.0
2016-12-13,512.0
2016-12-14,512.0
2016-12-15,515.0
2016-12-16,512.0
2016-12-19,506.0
2016-12-20,497.0
2016-12-21,489.0
2016-12-22,487.0
2016-12-23,477.0
2016-12-27,455.0
2016-12-28,448.0
2016-12-29,453.0
2016-12-30,455.0
2017-01-03,474.0
2017-01-04,477.0
2017-01-05,475.0
2017-01-06,468.0
2017-01-09,470.0
2017-01-10,482.0
2017-01-11,483.0
2017-01-12,473.0
2017-01-13,453.0
2017-01-17,455.0
2017-01-18,459.0
2017-01-19,461.0
2017-01-20,462.0
2017-01-23,469.0
2017-01-24,464.0
2017-01-25,463.0
2017-01-26,463.0
2017-01-27,457.0
2017-01-30,469.0
2017-01-31,469.0
2017-02-01,461.0
2017-02-02,448.0
2017-02-03,440.0
2017-02-06,443.0
2017-02-07,458.0
2017-02-08,460.0
2017-02-09,456.0
2017-02-10,446.0
2017-02-13,441.0
2017-02-14,442.0
2017-02-15,448.0
2017-02-16,459.0
2017-02-17,460.0
2017-02-21,456.0
2017-02-22,456.0
2017-02-23,458.0
2017-02-24,466.0
2017-02-27,469.0
2017-02-28,466.0
2017-03-01,454.0
2017-03-02,451.0
2017-03-03,445.0
2017-03-06,447.0
2017-03-07,442.0
2017-03-08,452.0
2017-03-09,456.0
2017-03-10,451.0
2017-03-13,456.0
2017-03-14,463.0
2017-03-15,452.0
2017-03-16,449.0
2017-03-17,443.0
2017-03-20,444.0
2017-03-21,453.0
2017-03-22,458.0
2017-03-23,456.0
2017-03-24,455.0
2017-03-27,461.0
2017-03-28,457.0
2017-03-29,453.0
2017-03-30,450.0
2017-03-31,452.0
2017-04-03,454.0
2017-04-04,447.0
2017-04-05,439.0
2017-04-06,439.0
2017-04-07,437.0
2017-04-10,436.0
2017-04-11,439.0
2017-04-12,443.0
2017-04-13,442.0
2017-04-17,438.0
2017-04-18,440.0
2017-04-19,433.0
2017-04-20,427.0
2017-04-21,424.0
2017-04-24,414.0
2017-04-25,407.0
2017-04-26,417.0
2017-04-27,417.0
2017-04-28,415.0
2017-05-01,411.0
2017-05-02,405.0
2017-05-03,404.0
2017-05-04,405.0
2017-05-05,407.0
2017-05-08,407.0
2017-05-09,410.0
2017-05-10,403.0
2017-05-11,405.0
2017-05-12,407.0
2017-05-15,400.0
2017-05-16,404.0
2017-05-17,419.0
2017-05-18,431.0
2017-05-19,422.0
2017-05-22,426.0
2017-05-23,420.0
2017-05-24,415.0
2017-05-25,419.0
2017-05-26,418.0
2017-05-30,416.0
2017-05-31,407.0
2017-06-01,402.0
2017-06-02,398.0
2017-06-05,397.0
2017-06-06,395.0
2017-06-07,396.0
2017-06-08,395.0
2017-06-09,397.0
2017-06-12,399.0
2017-06-13,396.0
2017-06-14,399.0
2017-06-15,404.0
2017-06-16,407.0
2017-06-19,411.0
2017-06-20,426.0
2017-06-21,431.0
2017-06-22,423.0
2017-06-23,419.0
2017-06-26,414.0
2017-06-27,421.0
2017-06-28,424.0
2017-06-29,435.0
2017-06-30,432.0
2017-07-03,430.0
2017-07-05,436.0
2017-07-06,445.0
2017-07-07,443.0
2017-07-10,435.0
2017-07-11,433.0
2017-07-12,430.0
2017-07-13,429.0
2017-07-14,426.0
2017-07-17,425.0
2017-07-18,435.0
2017-07-19,436.0
2017-07-20,437.0
2017-07-21,440.0
2017-07-24,444.0
2017-07-25,442.0
2017-07-26,436.0
2017-07-27,433.0
2017-07-28,440.0
2017-07-31,439.0
2017-08-01,441.0
2017-08-02,443.0
2017-08-03,446.0
2017-08-04,447.0
2017-08-07,447.0
2017-08-08,440.0
2017-08-09,445.0
2017-08-10,453.0
2017-08-11,444.0
2017-08-14,418.0
2017-08-15,409.0
2017-08-16,406.0
2017-08-17,417.0
2017-08-18,410.0
2017-08-21,412.0
2017-08-22,409.0
2017-08-23,408.0
2017-08-24,403.0
2017-08-25,395.0
2017-08-28,396.0
2017-08-29,395.0
2017-08-30,387.0
2017-08-31,393.0
2017-09-01,388.0
2017-09-05,393.0
2017-09-06,393.0
2017-09-07,392.0
2017-09-08,390.0
2017-09-11,385.0
2017-09-12,384.0
2017-09-13,374.0
2017-09-14,375.0
2017-09-15,373.0
2017-09-18,370.0
2017-09-19,371.0
2017-09-20,370.0
2017-09-21,370.0
2017-09-22,368.0
2017-09-25,375.0
2017-09-26,377.0
2017-09-27,379.0
2017-09-28,375.0
2017-09-29,367.0
2017-10-02,367.0
2017-10-03,365.0
2017-10-04,362.0
2017-10-05,359.0
2017-10-06,362.0
2017-10-10,363.0
2017-10-11,358.0
2017-10-12,354.0
2017-10-13,348.0
2017-10-16,345.0
2017-10-17,343.0
2017-10-18,342.0
2017-10-19,350.0
2017-10-20,349.0
2017-10-23,342.0
2017-10-24,348.0
2017-10-25,349.0
2017-10-26,361.0
2017-10-27,355.0
2017-10-30,344.0
2017-10-31,361.0
2017-11-01,365.0
2017-11-02,361.0
2017-11-03,368.0
2017-11-06,374.0
2017-11-07,384.0
2017-11-08,383.0
2017-11-09,386.0
2017-11-10,381.0
2017-11-13,380.0
2017-11-14,381.0
2017-11-15,388.0
2017-11-16,373.0
2017-11-17,366.0
2017-11-20,368.0
2017-11-21,363.0
2017-11-22,363.0
2017-11-24,363.0
2017-11-27,361.0
2017-11-28,356.0
2017-11-29,358.0
2017-11-30,357.0
2017-12-01,359.0
2017-12-04,355.0
2017-12-05,356.0
2017-12-06,363.0
2017-12-07,365.0
2017-12-08,368.0
2017-12-11,366.0
2017-12-12,364.0
2017-12-13,363.0
2017-12-14,361.0
2017-12-15,361.0
2017-12-18,355.0
2017-12-19,350.0
2017-12-20,346.0
2017-12-21,347.0
2017-12-22,347.0
2017-12-26,348.0
2017-12-27,350.0
2017-12-28,349.0
2017-12-29,351.0
2018-01-02,347.0
2018-01-03,355.0
2018-01-04,356.0
2018-01-05,362.0
2018-01-08,365.0
2018-01-09,361.0
2018-01-10,364.0
2018-01-11,363.0
2018-01-12,364.0
2018-01-15,364.0
2018-01-16,362.0
2018-01-17,360.0
2018-01-18,359.0
2018-01-19,363.0
2018-01-22,365.0
2018-01-23,367.0
2018-01-24,369.0
2018-01-25,373.0
2018-01-26,372.0
2018-01-29,376.0
2018-01-30,379.0
2018-01-31,374.0
2018-02-01,373.0
2018-02-02,376.0
2018-02-05,396.0
2018-02-06,394.0
2018-02-07,383.0
2018-02-08,405.0
2018-02-09,426.0
2018-02-12,413.0
2018-02-13,423.0
2018-02-14,415.0
2018-02-15,397.0
2018-02-16,391.0
2018-02-20,397.0
2018-02-21,393.0
2018-02-22,402.0
2018-02-23,404.0
2018-02-26,397.0
2018-02-27,397.0
2018-02-28,404.0
2018-03-01,417.0
2018-03-02,412.0
2018-03-05,410.0
2018-03-06,408.0
2018-03-07,414.0
2018-03-08,407.0
2018-03-09,388.0
2018-03-12,392.0
2018-03-13,399.0
2018-03-14,403.0
2018-03-15,412.0
2018-03-16,409.0
2018-03-19,420.0
2018-03-20,411.0
2018-03-21,409.0
2018-03-22,419.0
2018-03-23,425.0
2018-03-26,418.0
2018-03-27,420.0
2018-03-28,418.0
2018-03-29,420.0
2018-04-02,425.0
2018-04-03,417.0
2018-04-04,417.0
2018-04-05,408.0
2018-04-06,419.0
2018-04-09,415.0
2018-04-10,408.0
2018-04-11,406.0
2018-04-12,397.0
2018-04-13,398.0
2018-04-16,401.0
2018-04-17,401.0
2018-04-18,398.0
2018-04-19,399.0
2018-04-20,400.0
2018-04-23,401.0
2018-04-24,403.0
2018-04-25,402.0
2018-04-26,418.0
2018-04-27,419.0
2018-04-30,430.0
2018-05-01,431.0
2018-05-02,443.0
2018-05-03,470.0
2018-05-04,454.0
2018-05-07,471.0
2018-05-08,489.0
2018-05-09,491.0
2018-05-10,469.0
2018-05-11,480.0
2018-05-14,500.0
2018-05-15,482.0
2018-05-16,450.0
2018-05-17,453.0
2018-05-18,461.0
2018-05-21,459.0
2018-05-22,456.0
2018-05-23,454.0
2018-05-24,456.0
2018-05-25,463.0
2018-05-28,463.0
2018-05-29,499.0
2018-05-30,504.0
2018-05-31,524.0
2018-06-01,515.0
2018-06-04,483.0
2018-06-05,475.0
2018-06-06,468.0
2018-06-07,481.0
2018-06-08,476.0
2018-06-11,487.0
2018-06-12,503.0
2018-06-13,507.0
2018-06-14,539.0
2018-06-15,551.0
2018-06-18,566.0
2018-06-19,564.0
2018-06-20,557.0
2018-06-21,545.0
2018-06-22,535.0
2018-06-25,548.0
2018-06-26,559.0
2018-06-27,586.0
2018-06-28,595.0
2018-06-29,610.0
2018-07-02,607.0
2018-07-03,590.0
2018-07-04,590.0
2018-07-05,581.0
2018-07-06,567.0
2018-07-09,566.0
2018-07-10,569.0
2018-07-11,580.0
2018-07-12,575.0
2018-07-13,571.0
2018-07-16,577.0
2018-07-17,585.0
2018-07-18,578.0
2018-07-19,585.0
2018-07-20,575.0
2018-07-23,575.0
2018-07-24,578.0
2018-07-25,576.0
2018-07-26,556.0
2018-07-27,551.0
2018-07-30,552.0
2018-07-31,558.0
2018-08-01,562.0
2018-08-02,571.0
2018-08-03,571.0
2018-08-06,583.0
2018-08-07,593.0
2018-08-08,610.0
2018-08-09,634.0
2018-08-10,700.0
2018-08-13,748.0
2018-08-14,696.0
2018-08-15,699.0
2018-08-16,663.0
2018-08-17,671.0
2018-08-20,685.0
2018-08-21,686.0
2018-08-22,690.0
2018-08-23,696.0
2018-08-24,700.0
2018-08-27,688.0
2018-08-28,689.0
2018-08-29,728.0
2018-08-30,776.0
2018-08-31,771.0
2018-09-03,771.0
2018-09-04,783.0
2018-09-05,744.0
2018-09-06,729.0
2018-09-07,725.0
2018-09-10,745.0
2018-09-11,741.0
2018-09-12,699.0
2018-09-13,695.0
2018-09-14,661.0
2018-09-17,649.0
2018-09-18,656.0
2018-09-19,622.0
2018-09-20,601.0
2018-09-21,588.0
2018-09-24,612.0
2018-09-25,603.0
2018-09-26,614.0
2018-09-27,593.0
2018-09-28,623.0
2018-10-01,629.0
2018-10-02,632.0
2018-10-03,626.0
2018-10-04,656.0
2018-10-05,669.0
2018-10-08,669.0
2018-10-09,661.0
2018-10-10,681.0
2018-10-11,686.0
2018-10-12,657.0
2018-10-15,635.0
2018-10-16,636.0
2018-10-17,655.0
2018-10-18,663.0
2018-10-19,661.0
2018-10-22,665.0
2018-10-23,665.0
2018-10-24,676.0
2018-10-25,667.0
2018-10-26,670.0
2018-10-29,672.0
2018-10-30,665.0
2018-10-31,652.0
2018-11-01,635.0
2018-11-02,609.0
2018-11-03,609.0
2018-11-04,609.0
2018-11-05,604.0
2018-11-06,600.0
2018-11-07,597.0
2018-11-08,607.0
2018-11-09,617.0
2018-11-10,617.0
2018-11-11,617.0
2018-11-12,617.0
2018-11-13,637.0
2018-11-14,642.0
2018-11-15,649.0
2018-11-16,656.0
2018-11-17,656.0
2018-11-18,656.0
2018-11-19,666.0
2018-11-20,693.0
2018-11-21,686.0
2018-11-22,686.0
2018-11-23,688.0
2018-11-24,688.0
2018-11-25,688.0
2018-11-26,695.0
2018-11-27,714.0
2018-11-28,705.0
2018-11-29,709.0
2018-11-30,706.0
2018-12-01,706.0
2018-12-02,706.0
2018-12-03,698.0
2018-12-04,724.0
2018-12-05,724.0
2018-12-06,729.0
2018-12-07,729.0
2018-12-08,729.0
2018-12-09,729.0
2018-12-10,752.0
2018-12-11,757.0
2018-12-12,741.0
2018-12-13,746.0
2018-12-14,763.0
2018-12-15,763.0
2018-12-16,763.0
2018-12-17,775.0
2018-12-18,781.0
2018-12-19,787.0
2018-12-20,802.0
2018-12-21,815.0
2018-12-22,815.0
2018-12-23,815.0
2018-12-24,821.0
2018-12-25,821.0
2018-12-26,820.0
2018-12-27,829.0
2018-12-28,813.0
2018-12-29,813.0
2018-12-30,813.0
2018-12-31,817.0
2019-01-01,817.0
2019-01-02,791.0
2019-01-03,768.0
2019-01-04,730.0
2019-01-05,730.0
2019-01-06,730.0
2019-01-07,713.0
2019-01-08,727.0
2019-01-09,708.0
2019-01-10,706.0
2019-01-11,703.0
2019-01-12,703.0
2019-01-13,703.0
2019-01-14,697.0
2019-01-15,695.0
2019-01-16,689.0
2019-01-17,690.0
2019-01-18,672.0
2019-01-19,672.0
2019-01-20,672.0
2019-01-21,672.0
2019-01-22,689.0
2019-01-23,670.0
2019-01-24,663.0
2019-01-25,663.0
2019-01-26,663.0
2019-01-27,663.0
2019-01-28,685.0
2019-01-29,696.0
2019-01-30,689.0
2019-01-31,676.0
2019-02-01,654.0
2019-02-02,654.0
2019-02-03,654.0
2019-02-04,648.0
2019-02-05,635.0
2019-02-06,652.0
2019-02-07,667.0
2019-02-08,675.0
2019-02-09,675.0
2019-02-10,675.0
2019-02-11,683.0
2019-02-12,670.0
2019-02-13,665.0
2019-02-14,674.0
2019-02-15,690.0
2019-02-16,690.0
2019-02-17,690.0
2019-02-18,690.0
2019-02-19,703.0
2019-02-20,715.0
2019-02-21,711.0
2019-02-22,699.0
2019-02-23,699.0
2019-02-24,699.0
2019-02-25,692.0
2019-02-26,691.0
2019-02-27,686.0
2019-02-28,697.0
2019-03-01,718.0
2019-03-02,718.0
2019-03-03,718.0
2019-03-04,733.0
2019-03-05,744.0
2019-03-06,747.0
2019-03-07,777.0
2019-03-08,764.0
2019-03-09,764.0
2019-03-10,764.0
2019-03-11,738.0
2019-03-12,741.0
2019-03-13,748.0
2019-03-14,737.0
2019-03-15,724.0
2019-03-16,724.0
2019-03-17,724.0
2019-03-18,725.0
2019-03-19,724.0
2019-03-20,723.0
2019-03-21,731.0
2019-03-22,764.0
2019-03-23,764.0
2019-03-24,764.0
2019-03-25,768.0
2019-03-26,768.0
2019-03-27,781.0
2019-03-28,787.0
2019-03-29,774.0
2019-03-30,774.0
2019-03-31,774.0
2019-04-01,761.0
2019-04-02,764.0
2019-04-03,753.0
2019-04-04,767.0
2019-04-05,782.0
2019-04-06,782.0
2019-04-07,782.0
2019-04-08,803.0
2019-04-09,815.0
2019-04-10,816.0
2019-04-11,814.0
2019-04-12,808.0
2019-04-13,808.0
2019-04-14,808.0
2019-04-15,808.0
2019-04-16,801.0
2019-04-17,825.0
2019-04-18,851.0
2019-04-19,851.0
2019-04-20,851.0
2019-04-21,851.0
2019-04-22,845.0
2019-04-23,860.0
2019-04-24,950.0
2019-04-25,939.0
2019-04-26,963.0
2019-04-27,963.0
2019-04-28,963.0
2019-04-29,939.0
2019-04-30,950.0
2019-05-01,960.0
2019-05-02,964.0
2019-05-03,931.0
2019-05-04,931.0
2019-05-05,931.0
2019-05-06,916.0
2019-05-07,917.0
2019-05-08,901.0
2019-05-09,903.0
2019-05-10,898.0
2019-05-11,898.0
2019-05-12,898.0
2019-05-13,931.0
2019-05-14,921.0
2019-05-15,913.0
2019-05-16,918.0
2019-05-17,943.0
2019-05-18,943.0
2019-05-19,943.0
2019-05-20,934.0
2019-05-21,885.0
2019-05-22,909.0
2019-05-23,919.0
2019-05-24,903.0
2019-05-25,903.0
2019-05-26,903.0
2019-05-27,903.0
2019-05-28,920.0
2019-05-29,934.0
2019-05-30,942.0
2019-05-31,985.0
2019-06-01,985.0
2019-06-02,985.0
2019-06-03,1008.0
2019-06-04,969.0
2019-06-05,967.0
2019-06-06,952.0
2019-06-07,947.0
2019-06-08,947.0
2019-06-09,947.0
2019-06-10,932.0
2019-06-11,904.0
2019-06-12,849.0
2019-06-13,844.0
2019-06-14,845.0
2019-06-15,845.0
2019-06-16,845.0
2019-06-17,850.0
2019-06-18,833.0
2019-06-19,826.0
2019-06-20,822.0
2019-06-21,821.0
2019-06-22,821.0
2019-06-23,821.0
2019-06-24,849.0
2019-06-25,875.0
2019-06-26,871.0
2019-06-27,856.0
2019-06-28,835.0
2019-06-29,835.0
2019-06-30,835.0
2019-07-01,813.0
2019-07-02,803.0
2019-07-03,795.0
2019-07-04,795.0
2019-07-05,787.0
2019-07-06,787.0
2019-07-07,787.0
2019-07-08,801.0
2019-07-09,786.0
2019-07-10,786.0
2019-07-11,787.0
2019-07-12,778.0
2019-07-13,778.0
2019-07-14,778.0
2019-07-15,771.0
2019-07-16,773.0
2019-07-17,781.0
2019-07-18,790.0
2019-07-19,783.0
2019-07-20,783.0
2019-07-21,783.0
2019-07-22,782.0
2019-07-23,780.0
2019-07-24,810.0
2019-07-25,826.0
2019-07-26,792.0
2019-07-27,792.0
2019-07-28,792.0
2019-07-29,785.0
2019-07-30,783.0
2019-07-31,781.0
2019-08-01,815.0
2019-08-02,829.0
2019-08-03,829.0
2019-08-04,829.0
2019-08-05,902.0
2019-08-06,896.0
2019-08-07,897.0
2019-08-08,895.0
2019-08-09,872.0
2019-08-10,872.0
2019-08-11,872.0
2019-08-12,1467.0
2019-08-13,1741.0
2019-08-14,1957.0
2019-08-15,1738.0
2019-08-16,1653.0
2019-08-17,1653.0
2019-08-18,1653.0
2019-08-19,1879.0
2019-08-20,1866.0
2019-08-21,1814.0
2019-08-22,1795.0
2019-08-23,1807.0
2019-08-24,1807.0
2019-08-25,1807.0
2019-08-26,1815.0
2019-08-27,1990.0
2019-08-28,2072.0
2019-08-29,2272.0
2019-08-30,2532.0
2019-08-31,2532.0
2019-09-01,2532.0
2019-09-02,2532.0
2019-09-03,2523.0
2019-09-04,2336.0
2019-09-05,2188.0
2019-09-06,2031.0
2019-09-07,2031.0
2019-09-08,2031.0
2019-09-09,2053.0
2019-09-10,2109.0
2019-09-11,2061.0
2019-09-12,2093.0
2019-09-13,2167.0
2019-09-14,2167.0
2019-09-15,2167.0
2019-09-16,2232.0
2019-09-17,2152.0
2019-09-18,2084.0
2019-09-19,2115.0
2019-09-20,2100.0
2019-09-21,2100.0
2019-09-22,2100.0
2019-09-23,2163.0
2019-09-24,2223.0
2019-09-25,2212.0
2019-09-26,2232.0
2019-09-27,2172.0
2019-09-28,2172.0
2019-09-29,2172.0
2019-09-30,2143.0
2019-10-01,2156.0
2019-10-02,2181.0
2019-10-03,2190.0
2019-10-04,2169.0
2019-10-05,2169.0
2019-10-06,2169.0
2019-10-07,2110.0
2019-10-08,2094.0
2019-10-09,2049.0
2019-10-10,1890.0
2019-10-11,1894.0
2019-10-12,1894.0
2019-10-13,1894.0
2019-10-14,1894.0
2019-10-15,1931.0
2019-10-16,2004.0
2019-10-17,1995.0
2019-10-18,2048.0
2019-10-19,2048.0
2019-10-20,2048.0
2019-10-21,2122.0
2019-10-22,2169.0
2019-10-23,2154.0
2019-10-24,2088.0
2019-10-25,2146.0
2019-10-26,2146.0
2019-10-27,2146.0
2019-10-28,2262.0
2019-10-29,2206.0
2019-10-30,2238.0
2019-10-31,2278.0
2019-11-01,2275.0
2019-11-04,2270.0
2019-11-05,2282.0
2019-11-06,2331.0
2019-11-07,2342.0
2019-11-08,2413.0
2019-11-09,2413.0
2019-11-10,2413.0
2019-11-11,2413.0
2019-11-12,2493.0
2019-11-13,2496.0
2019-11-14,2430.0
2019-11-15,2442.0
2019-11-16,2442.0
2019-11-17,2442.0
2019-11-18,2455.0
2019-11-19,2366.0
2019-11-20,2262.0
2019-11-21,2208.0
2019-11-22,2236.0
2019-11-23,2236.0
2019-11-24,2236.0
2019-11-25,2289.0
2019-11-26,2272.0
2019-11-27,2264.0
2019-11-28,2264.0
2019-11-29,2262.0
2019-11-30,2262.0
2019-12-01,2262.0
2019-12-02,2376.0
2019-12-03,2400.0
2019-12-04,2340.0
2019-12-05,2358.0
2019-12-06,2317.0
2019-12-07,2317.0
2019-12-08,2317.0
2019-12-09,2180.0
2019-12-10,2165.0
2019-12-11,2141.0
2019-12-12,2083.0
2019-12-13,2103.0
2019-12-14,2103.0
2019-12-15,2103.0
2019-12-16,2114.0
2019-12-17,1968.0
2019-12-18,1888.0
2019-12-19,1929.0
2019-12-20,1902.0
2019-12-21,1902.0
2019-12-22,1902.0
2019-12-23,1851.0
2019-12-24,1831.0
2019-12-25,1831.0
2019-12-26,1779.0
2019-12-27,1738.0
2019-12-28,1738.0
2019-12-29,1738.0
2019-12-30,1748.0
2019-12-31,1744.0
2020-01-01,1744.0
2020-01-02,1824.0
2020-01-03,1938.0
2020-01-04,1938.0
2020-01-05,1938.0
2020-01-06,1930.0
2020-01-07,1898.0
2020-01-08,1887.0
2020-01-09,1847.0
2020-01-10,1820.0
2020-01-11,1820.0
2020-01-12,1820.0
2020-01-13,1819.0
2020-01-14,1847.0
2020-01-15,1806.0
2020-01-16,1802.0
2020-01-17,1830.0
2020-01-18,1830.0
2020-01-19,1830.0
2020-01-20,1830.0
2020-01-21,1920.0
2020-01-22,1967.0
2020-01-23,1995.0
2020-01-24,2070.0
2020-01-25,2070.0
2020-01-26,2070.0
2020-01-27,2150.0
2020-01-28,2098.0
2020-01-29,2029.0
2020-01-30,2035.0
2020-01-31,2068.0
2020-02-01,2068.0
2020-02-02,2068.0
2020-02-03,2068.0
2020-02-04,1904.0
2020-02-05,1884.0
2020-02-06,1901.0
2020-02-07,1864.0
2020-02-08,1864.0
2020-02-09,1864.0
2020-02-10,1882.0
2020-02-11,1981.0
2020-02-12,1951.0
2020-02-13,2037.0
2020-02-14,2014.0
2020-02-15,2014.0
2020-02-16,2014.0
2020-02-17,2014.0
2020-02-18,2053.0
2020-02-19,2035.0
2020-02-20,2092.0
2020-02-21,2046.0
2020-02-22,2046.0
2020-02-23,2046.0
2020-02-24,2059.0
2020-02-25,2071.0
2020-02-26,2082.0
2020-02-27,2186.0
2020-02-28,2283.0
2020-02-29,2283.0
2020-03-01,2283.0
2020-03-02,2244.0
2020-03-03,2214.0
2020-03-04,2186.0
2020-03-05,2330.0
2020-03-06,2426.0
2020-03-07,2426.0
2020-03-08,2426.0
2020-03-09,2783.0
2020-03-10,2812.0
2020-03-11,2948.0
2020-03-12,3124.0
2020-03-13,3064.0
2020-03-14,3064.0
2020-03-15,3064.0
2020-03-16,3467.0
2020-03-17,3546.0
2020-03-18,3969.0
2020-03-19,4050.0
2020-03-20,4015.0
2020-03-21,4015.0
2020-03-22,4015.0
2020-03-23,4362.0
2020-03-24,4269.0
2020-03-25,4246.0
2020-03-26,4143.0
2020-03-27,4185.0
2020-03-28,4185.0
2020-03-29,4185.0
2020-03-30,4082.0
2020-03-31,3803.0
2020-04-01,3943.0
2020-04-02,3828.0
2020-04-03,3683.0
2020-04-04,3683.0
2020-04-05,3683.0
2020-04-06,3588.0
2020-04-07,3652.0
2020-04-08,3842.0
2020-04-09,3798.0
2020-04-10,3798.0
2020-04-11,3798.0
2020-04-12,3798.0
2020-04-13,3864.0
2020-04-14,3856.0
2020-04-15,3994.0
2020-04-16,3987.0
2020-04-17,3496.0
2020-04-18,3496.0
2020-04-19,3496.0
2020-04-20,3429.0
2020-04-21,3617.0
2020-04-22,3789.0
2020-04-23,3994.0
2020-04-24,4037.0
2020-04-25,4037.0
2020-04-26,4037.0
2020-04-27,4009.0
2020-04-28,3989.0
2020-04-29,3999.0
2020-04-30,3472.0
2020-05-01,3520.0
2020-05-02,3520.0
2020-05-03,3520.0
2020-05-04,3614.0
2020-05-05,3455.0
2020-05-06,3374.0
2020-05-07,3335.0
2020-05-08,3322.0
2020-05-09,3322.0
2020-05-10,3322.0
2020-05-11,3111.0
2020-05-12,3005.0
2020-05-13,3036.0
2020-05-14,3040.0
2020-05-15,2837.0
2020-05-16,2837.0
2020-05-17,2837.0
2020-05-18,2690.0
2020-05-19,2751.0
2020-05-20,2782.0
2020-05-21,2784.0
2020-05-22,2779.0
2020-05-23,2779.0
2020-05-24,2779.0
2020-05-25,2779.0
2020-05-26,2631.0
2020-05-27,2664.0
2020-05-28,2728.0
2020-05-29,2627.0
2020-05-30,2627.0
2020-05-31,2627.0
2020-06-01,2615.0
2020-06-02,2576.0
2020-06-03,2481.0
2020-06-04,2534.0
2020-06-05,2555.0
2020-06-06,2555.0
2020-06-07,2555.0
2020-06-08,2478.0
2020-06-09,2600.0
2020-06-10,2535.0
2020-06-11,2609.0
2020-06-12,2578.0
2020-06-13,2578.0
2020-06-14,2578.0
2020-06-15,2605.0
2020-06-16,2524.0
2020-06-17,2541.0
2020-06-18,2603.0
2020-06-19,2541.0
2020-06-20,2541.0
2020-06-21,2541.0
2020-06-22,2487.0
2020-06-23,2461.0
2020-06-24,2514.0
2020-06-25,2527.0
2020-06-26,2533.0
2020-06-27,2533.0
2020-06-28,2533.0
2020-06-29,2470.0
2020-06-30,2495.0
2020-07-01,2497.0
2020-07-02,2509.0
2020-07-03,2509.0
2020-07-04,2509.0
2020-07-05,2509.0
2020-07-06,2378.0
2020-07-07,2343.0
2020-07-08,2293.0
2020-07-09,2337.0
2020-07-10,2299.0
2020-07-11,2299.0
2020-07-12,2299.0
2020-07-13,2308.0
2020-07-14,2366.0
2020-07-15,2341.0
2020-07-16,2343.0
2020-07-17,2359.0
2020-07-18,2359.0
2020-07-19,2359.0
2020-07-20,2381.0
2020-07-21,2356.0
2020-07-22,2278.0
2020-07-23,2221.0
2020-07-24,2210.0
2020-07-25,2210.0
2020-07-26,2210.0
2020-07-27,2211.0
2020-07-28,2242.0
2020-07-29,2280.0
2020-07-30,2278.0
2020-07-31,2263.0
2020-08-01,2263.0
2020-08-02,2263.0
2020-08-03,2119.0
2020-08-04,2111.0
2020-08-05,2027.0
2020-08-06,2056.0
2020-08-07,2091.0
2020-08-08,2091.0
2020-08-09,2091.0
2020-08-10,2084.0
2020-08-11,2083.0
2020-08-12,2099.0
2020-08-13,2101.0
2020-08-14,2112.0
2020-08-15,2112.0
2020-08-16,2112.0
2020-08-17,2131.0
2020-08-18,2139.0
2020-08-19,2142.0
2020-08-20,2158.0
2020-08-21,2153.0
2020-08-22,2153.0
2020-08-23,2153.0
2020-08-24,2140.0
2020-08-25,2137.0
2020-08-26,2146.0
2020-08-27,2149.0
2020-08-28,2142.0
2020-08-29,2142.0
2020-08-30,2142.0
2020-08-31,2147.0
2020-09-01,2127.0
2020-09-02,2123.0
2020-09-03,2128.0
2020-09-04,2117.0
2020-09-05,2117.0
2020-09-06,2117.0
2020-09-07,2117.0
2020-09-08,2120.0
2020-09-09,2120.0
2020-09-10,1101.0
2020-09-11,1108.0
2020-09-12,1108.0
2020-09-13,1108.0
2020-09-14,1120.0
2020-09-15,1119.0
2020-09-16,1181.0
2020-09-17,1237.0
2020-09-18,1259.0
2020-09-19,1259.0
2020-09-20,1259.0
2020-09-21,1338.0
2020-09-22,1353.0
2020-09-23,1390.0
2020-09-24,1359.0
2020-09-25,1332.0
2020-09-26,1332.0
2020-09-27,1332.0
2020-09-28,1340.0
2020-09-29,1333.0
2020-09-30,1300.0
2020-10-01,1339.0
2020-10-02,1353.0
2020-10-03,1353.0
2020-10-04,1353.0
2020-10-05,1350.0
2020-10-06,1373.0
2020-10-07,1374.0
2020-10-08,1366.0
2020-10-09,1343.0
2020-10-10,1343.0
2020-10-11,1343.0
2020-10-12,1343.0
2020-10-13,1368.0
2020-10-14,1404.0
2020-10-15,1406.0
2020-10-16,1397.0
2020-10-17,1397.0
2020-10-18,1397.0
2020-10-19,1431.0
2020-10-20,1434.0
2020-10-21,1445.0
2020-10-22,1440.0
2020-10-23,1425.0
2020-10-24,1425.0
2020-10-25,1425.0
2020-10-26,1445.0
2020-10-27,1460.0
2020-10-28,1481.0
2020-10-29,1480.0
2020-10-30,1482.0
2020-10-31,1482.0
2020-11-01,1482.0
2020-11-02,1464.0
2020-11-03,1435.0
2020-11-04,1430.0
2020-11-05,1402.0
2020-11-06,1391.0
2020-11-07,1391.0
2020-11-08,1391.0
2020-11-09,1353.0
2020-11-10,1352.0
2020-11-11,1352.0
2020-11-12,1342.0
2020-11-13,1331.0
2020-11-14,1331.0
2020-11-15,1331.0
2020-11-16,1323.0
2020-11-17,1350.0
2020-11-18,1357.0
2020-11-19,1370.0
2020-11-20,1378.0
2020-11-21,1378.0
2020-11-22,1378.0
2020-11-23,1375.0
2020-11-24,1369.0
2020-11-25,1376.0
2020-11-26,1376.0
2020-11-27,1376.0
2020-11-28,1376.0
2020-11-29,1376.0
2020-11-30,1410.0
2020-12-01,1405.0
2020-12-02,1411.0
2020-12-03,1426.0
2020-12-04,1427.0
2020-12-05,1427.0
2020-12-06,1427.0
2020-12-07,1456.0
2020-12-08,1452.0
2020-12-09,1434.0
2020-12-10,1418.0
2020-12-11,1394.0
2020-12-12,1394.0
2020-12-13,1394.0
2020-12-14,1369.0
2020-12-15,1387.0
2020-12-16,1382.0
2020-12-17,1380.0
2020-12-18,1365.0
2020-12-19,1365.0
2020-12-20,1365.0
2020-12-21,1362.0
2020-12-22,1363.0
2020-12-23,1358.0
2020-12-24,1356.0
2020-12-25,1356.0
2020-12-26,1356.0
2020-12-27,1356.0
2020-12-28,1362.0
2020-12-29,1368.0
2020-12-30,1373.0
2020-12-31,1368.0
2021-01-01,1368.0
2021-01-02,1368.0
2021-01-03,1368.0
2021-01-04,1400.0
2021-01-05,1412.0
2021-01-06,1374.0
2021-01-07,1374.0
2021-01-08,1384.0
2021-01-09,1384.0
2021-01-10,1384.0
2021-01-11,1395.0
2021-01-12,1415.0
2021-01-13,1449.0
2021-01-14,1460.0
2021-01-15,1451.0
2021-01-16,1451.0
2021-01-17,1451.0
2021-01-18,1451.0
2021-01-19,1429.0
2021-01-20,1419.0
2021-01-21,1440.0
2021-01-22,1422.0
2021-01-23,1422.0
2021-01-24,1422.0
2021-01-25,1433.0
2021-01-26,1430.0
2021-01-27,1444.0
2021-01-28,1444.0
2021-01-29,1445.0
2021-01-30,1445.0
2021-01-31,1445.0
2021-02-01,1438.0
2021-02-02,1440.0
2021-02-03,1455.0
2021-02-04,1455.0
2021-02-05,1445.0
2021-02-06,1445.0
2021-02-07,1445.0
2021-02-08,1434.0
2021-02-09,1448.0
2021-02-10,1456.0
2021-02-11,1463.0
2021-02-12,1456.0
2021-02-13,1456.0
2021-02-14,1456.0
2021-02-15,1456.0
2021-02-16,1497.0
2021-02-17,1473.0
2021-02-18,1482.0
2021-02-19,1488.0
2021-02-20,1488.0
2021-02-21,1488.0
2021-02-22,1501.0
2021-02-23,1514.0
2021-02-24,1505.0
2021-02-25,1499.0
2021-02-26,1511.0
2021-02-27,1511.0
2021-02-28,1511.0
2021-03-01,1512.0
2021-03-02,1543.0
2021-03-03,1547.0
2021-03-04,1552.0
2021-03-05,1590.0
2021-03-06,1590.0
2021-03-07,1590.0
2021-03-08,1598.0
2021-03-09,1639.0
2021-03-10,1647.0
2021-03-11,1630.0
2021-03-12,1594.0
2021-03-13,1594.0
2021-03-14,1594.0
2021-03-15,1570.0
2021-03-16,1551.0
2021-03-17,1533.0
2021-03-18,1536.0
2021-03-19,1517.0
2021-03-20,1517.0
2021-03-21,1517.0
2021-03-22,1512.0
2021-03-23,1522.0
2021-03-24,1573.0
2021-03-25,1566.0
2021-03-26,1572.0
2021-03-27,1572.0
2021-03-28,1572.0
2021-03-29,1576.0
2021-03-30,1599.0
2021-03-31,1589.0
2021-04-01,1589.0
2021-04-02,1589.0
2021-04-03,1589.0
2021-04-04,1589.0
2021-04-05,1592.0
2021-04-06,1598.0
2021-04-07,1606.0
2021-04-08,1608.0
2021-04-09,1614.0
2021-04-10,1614.0
2021-04-11,1614.0
2021-04-12,1586.0
2021-04-13,1592.0
2021-04-14,1578.0
2021-04-15,1605.0
2021-04-16,1601.0
2021-04-17,1601.0
2021-04-18,1601.0
2021-04-19,1590.0
2021-04-20,1594.0
2021-04-21,1597.0
2021-04-22,1581.0
2021-04-23,1578.0
2021-04-24,1578.0
2021-04-25,1578.0
2021-04-26,1559.0
2021-04-27,1539.0
2021-04-28,1545.0
2021-04-29,1557.0
2021-04-30,1551.0
2021-05-01,1551.0
2021-05-02,1551.0
2021-05-03,1562.0
2021-05-04,1560.0
2021-05-05,1567.0
2021-05-06,1578.0
2021-05-07,1580.0
2021-05-08,1580.0
2021-05-09,1580.0
2021-05-10,1591.0
2021-05-11,1607.0
2021-05-12,1596.0
2021-05-13,1592.0
2021-05-14,1547.0
2021-05-15,1547.0
2021-05-16,1547.0
2021-05-17,1513.0
2021-05-18,1504.0
2021-05-19,1518.0
2021-05-20,1519.0
2021-05-21,1537.0
2021-05-22,1537.0
2021-05-23,1537.0
2021-05-24,1532.0
2021-05-25,1528.0
2021-05-26,1514.0
2021-05-27,1506.0
2021-05-28,1508.0
2021-05-29,1508.0
2021-05-30,1508.0
2021-05-31,1508.0
2021-06-01,1498.0
2021-06-02,1480.0
2021-06-03,1498.0
2021-06-04,1506.0
2021-06-05,1506.0
2021-06-06,1506.0
2021-06-07,1507.0
2021-06-08,1492.0
2021-06-09,1470.0
2021-06-10,1474.0
2021-06-11,1466.0
2021-06-12,1466.0
2021-06-13,1466.0
2021-06-14,1476.0
2021-06-15,1483.0
2021-06-16,1473.0
2021-06-17,1496.0
2021-06-18,1501.0
2021-06-19,1501.0
2021-06-20,1501.0
2021-06-21,1522.0
2021-06-22,1536.0
2021-06-23,1532.0
2021-06-24,1556.0
2021-06-25,1573.0
2021-06-26,1573.0
2021-06-27,1573.0
2021-06-28,1587.0
2021-06-29,1592.0
2021-06-30,1596.0
2021-07-01,1585.0
2021-07-02,1590.0
2021-07-03,1590.0
2021-07-04,1590.0
2021-07-05,1590.0
2021-07-06,1607.0
2021-07-07,1602.0
2021-07-08,1611.0
2021-07-09,1600.0
2021-07-10,1600.0
2021-07-11,1600.0
2021-07-12,1599.0
2021-07-13,1589.0
2021-07-14,1582.0
2021-07-15,1595.0
2021-07-16,1595.0
2021-07-17,1595.0
2021-07-18,1595.0
2021-07-19,1621.0
2021-07-20,1606.0
2021-07-21,1597.0
2021-07-22,1597.0
2021-07-23,1581.0
2021-07-24,1581.0
2021-07-25,1581.0
2021-07-26,1587.0
2021-07-27,1601.0
2021-07-28,1600.0
2021-07-29,1593.0
2021-07-30,1591.0
2021-07-31,1591.0
2021-08-01,1591.0
2021-08-02,1595.0
2021-08-03,1595.0
2021-08-04,1589.0
2021-08-05,1580.0
2021-08-06,1573.0
2021-08-07,1573.0
2021-08-08,1573.0
2021-08-09,1579.0
2021-08-10,1564.0
2021-08-11,1565.0
2021-08-12,1538.0
2021-08-13,1566.0
2021-08-14,1566.0
2021-08-15,1566.0
2021-08-16,1589.0
2021-08-17,1589.0
2021-08-18,1589.0
2021-08-19,1604.0
2021-08-20,1598.0
2021-08-21,1598.0
2021-08-22,1598.0
2021-08-23,1572.0
2021-08-24,1547.0
2021-08-25,1538.0
2021-08-26,1542.0
2021-08-27,1538.0
2021-08-28,1538.0
2021-08-29,1538.0
2021-08-30,1509.0
2021-08-31,1513.0
2021-09-01,1493.0
2021-09-02,1482.0
2021-09-03,1487.0
2021-09-04,1487.0
2021-09-05,1487.0
2021-09-06,1487.0
2021-09-07,1477.0
2021-09-08,1504.0
2021-09-09,1528.0
2021-09-10,1538.0
2021-09-11,1538.0
2021-09-12,1538.0
2021-09-13,1483.0
2021-09-14,1501.0
2021-09-15,1490.0
2021-09-16,1496.0
2021-09-17,1512.0
2021-09-18,1512.0
2021-09-19,1512.0
2021-09-20,1576.0
2021-09-21,1597.0
2021-09-22,1612.0
2021-09-23,1598.0
2021-09-24,1619.0
2021-09-25,1619.0
2021-09-26,1619.0
2021-09-27,1631.0
2021-09-28,1597.0
2021-09-29,1589.0
2021-09-30,1607.0
2021-10-01,1611.0
2021-10-02,1611.0
2021-10-03,1611.0
2021-10-04,1613.0
2021-10-05,1592.0
2021-10-06,1588.0
2021-10-07,1582.0
2021-10-08,1602.0
2021-10-09,1602.0
2021-10-10,1602.0
2021-10-11,1602.0
2021-10-12,1617.0
2021-10-13,1625.0
2021-10-14,1629.0
2021-10-15,1629.0
2021-10-16,1629.0
2021-10-17,1629.0
2021-10-18,1644.0
2021-10-19,1639.0
2021-10-20,1638.0
2021-10-21,1653.0
2021-10-22,1672.0
2021-10-23,1672.0
2021-10-24,1672.0
2021-10-25,1667.0
2021-10-26,1664.0
2021-10-27,1669.0
2021-10-28,1694.0
2021-10-29,1712.0
2021-10-30,1712.0
2021-10-31,1712.0
2021-11-01,1728.0
2021-11-02,1741.0
2021-11-03,1737.0
2021-11-04,1746.0
2021-11-05,1726.0
2021-11-06,1726.0
2021-11-07,1726.0
2021-11-08,1716.0
2021-11-09,1731.0
2021-11-10,1744.0
2021-11-11,1744.0
2021-11-12,1734.0
2021-11-13,1734.0
2021-11-14,1734.0
2021-11-15,1684.0
2021-11-16,1707.0
2021-11-17,1724.0
2021-11-18,1741.0
2021-11-19,1750.0
2021-11-20,1750.0
2021-11-21,1750.0
2021-11-22,1780.0
2021-11-23,1798.0
2021-11-24,1821.0
2021-11-25,1821.0
2021-11-26,1872.0
2021-11-27,1872.0
2021-11-28,1872.0
2021-11-29,1878.0
2021-11-30,1914.0
2021-12-01,1827.0
2021-12-02,1816.0
2021-12-03,1779.0
2021-12-04,1779.0
2021-12-05,1779.0
2021-12-06,1747.0
2021-12-07,1698.0
2021-12-08,1693.0
2021-12-09,1684.0
2021-12-10,1712.0
2021-12-11,1712.0
2021-12-12,1712.0
2021-12-13,1717.0
2021-12-14,1697.0
2021-12-15,1686.0
2021-12-16,1704.0
2021-12-17,1717.0
2021-12-18,1717.0
2021-12-19,1717.0
2021-12-20,1748.0
2021-12-21,1743.0
2021-12-22,1754.0
2021-12-23,1762.0
2021-12-24,1762.0
2021-12-25,1762.0
2021-12-26,1762.0
2021-12-27,1743.0
2021-12-28,1718.0
2021-12-29,1702.0
2021-12-30,1703.0
2021-12-31,1688.0
2022-01-01,1688.0
2022-01-02,1688.0
2022-01-03,1701.0
2022-01-04,1731.0
2022-01-05,1753.0
2022-01-06,1788.0
2022-01-07,1802.0
2022-01-08,1802.0
2022-01-09,1802.0
2022-01-10,1821.0
2022-01-11,1820.0
2022-01-12,1835.0
2022-01-13,1864.0
2022-01-14,1882.0
2022-01-15,1882.0
2022-01-16,1882.0
2022-01-17,1882.0
2022-01-18,1890.0
2022-01-19,1880.0
2022-01-20,1907.0
2022-01-21,1916.0
2022-01-22,1916.0
2022-01-23,1916.0
2022-01-24,1961.0
2022-01-25,1928.0
2022-01-26,1896.0
2022-01-27,1904.0
2022-01-28,1756.0
2022-01-29,1756.0
2022-01-30,1756.0
2022-01-31,1723.0
2022-02-01,1740.0
2022-02-02,1726.0
2022-02-03,1758.0
2022-02-04,1780.0
2022-02-05,1780.0
2022-02-06,1780.0
2022-02-07,1784.0
2022-02-08,1770.0
2022-02-09,1767.0
2022-02-10,1776.0
2022-02-11,1814.0
2022-02-12,1814.0
2022-02-13,1814.0
2022-02-14,1800.0
2022-02-15,1762.0
2022-02-16,1738.0
2022-02-17,1759.0
2022-02-18,1709.0
2022-02-19,1709.0
2022-02-20,1709.0
2022-02-21,1709.0
2022-02-22,1725.0
2022-02-23,1739.0
2022-02-24,1766.0
2022-02-25,1795.0
2022-02-26,1795.0
2022-02-27,1795.0
2022-02-28,1816.0
2022-03-01,1842.0
2022-03-02,1850.0
2022-03-03,1860.0
2022-03-04,1927.0
2022-03-05,1927.0
2022-03-06,1927.0
2022-03-07,1971.0
2022-03-10,1825.0
2022-03-11,1816.0
2022-03-12,1816.0
2022-03-13,1816.0
2022-03-14,1807.0
2022-03-15,1815.0
2022-03-16,1780.0
2022-03-17,1769.0
2022-03-18,1789.0
2022-03-19,1789.0
2022-03-20,1789.0
2022-03-21,1791.0
2022-03-22,1787.0
2022-03-23,1837.0
2022-03-24,1817.0
2022-03-25,1785.0
2022-03-26,1785.0
2022-03-27,1785.0
2022-03-28,1744.0
2022-03-29,1727.0
2022-03-30,1729.0
2022-03-31,1718.0
2022-04-01,1714.0
2022-04-02,1714.0
2022-04-03,1714.0
2022-04-04,1692.0
2022-04-05,1710.0
2022-04-06,1710.0
2022-04-07,1702.0
2022-04-08,1711.0
2022-04-09,1711.0
2022-04-10,1711.0
2022-04-11,1723.0
2022-04-12,1735.0
2022-04-13,1710.0
2022-04-14,1689.0
2022-04-15,1689.0
2022-04-16,1689.0
2022-04-17,1689.0
2022-04-18,1679.0
2022-04-19,1689.0
2022-04-20,1701.0
2022-04-21,1730.0
2022-04-22,1776.0
2022-04-23,1776.0
2022-04-24,1776.0
2022-04-25,1754.0
2022-04-26,1782.0
2022-04-27,1768.0
2022-04-28,1789.0
2022-04-29,1801.0
2022-04-30,1801.0
2022-05-01,1801.0
2022-05-02,1817.0
2022-05-03,1786.0
2022-05-04,1763.0
2022-05-05,1788.0
2022-05-06,1808.0
2022-05-07,1808.0
2022-05-08,1808.0
2022-05-09,1849.0
2022-05-10,1854.0
2022-05-11,1840.0
2022-05-12,1887.0
2022-05-13,1895.0
2022-05-14,1895.0
2022-05-15,1895.0
2022-05-16,1927.0
2022-05-17,1930.0
2022-05-18,1951.0
2022-05-19,1944.0
2022-05-20,1951.0
2022-05-21,1951.0
2022-05-22,1951.0
2022-05-23,1916.0
2022-05-24,1934.0
2022-05-25,1917.0
2022-05-26,1928.0
2022-05-27,1916.0
2022-05-28,1916.0
2022-05-29,1916.0
2022-05-30,1916.0
2022-05-31,1918.0
2022-06-01,1914.0
2022-06-02,1897.0
2022-06-03,1894.0
2022-06-04,1894.0
2022-06-05,1894.0
2022-06-06,1908.0
2022-06-07,1930.0
2022-06-08,1970.0
2022-06-09,2045.0
2022-06-10,2043.0
2022-06-11,2043.0
2022-06-12,2043.0
2022-06-13,2124.0
2022-06-14,2125.0
2022-06-15,2111.0
2022-06-16,2199.0
2022-06-17,2213.0
2022-06-18,2213.0
2022-06-19,2213.0
2022-06-20,2213.0
2022-06-21,2200.0
2022-06-22,2265.0
2022-06-23,2285.0
2022-06-24,2356.0
2022-06-25,2356.0
2022-06-26,2356.0
2022-06-27,2451.0
2022-06-28,2434.0
2022-06-29,2371.0
2022-06-30,2428.0
2022-07-01,2344.0
2022-07-02,2344.0
2022-07-03,2344.0
2022-07-04,2344.0
2022-07-05,2652.0
2022-07-06,2683.0
2022-07-07,2641.0
2022-07-08,2651.0
2022-07-09,2651.0
2022-07-10,2651.0
2022-07-11,2669.0
2022-07-12,2728.0
2022-07-13,2729.0
2022-07-14,2756.0
2022-07-15,2754.0
2022-07-16,2754.0
2022-07-17,2754.0
2022-07-18,2767.0
2022-07-19,2766.0
2022-07-20,2770.0
2022-07-21,2913.0
2022-07-22,2890.0
2022-07-23,2890.0
2022-07-24,2890.0
2022-07-25,2905.0
2022-07-26,2831.0
2022-07-27,2672.0
2022-07-28,2519.0
2022-07-29,2398.0
2022-07-30,2398.0
2022-07-31,2398.0
2022-08-01,2403.0
2022-08-02,2419.0
2022-08-03,2444.0
2022-08-04,2458.0
2022-08-05,2436.0
2022-08-06,2436.0
2022-08-07,2436.0
2022-08-08,2371.0
2022-08-09,2468.0
2022-08-10,2476.0
2022-08-11,2442.0
2022-08-12,2467.0
2022-08-13,2467.0
2022-08-14,2467.0
2022-08-15,2417.0
2022-08-16,2395.0
2022-08-17,2422.0
2022-08-18,2441.0
2022-08-19,2456.0
2022-08-20,2456.0
2022-08-21,2456.0
2022-08-22,2438.0
2022-08-23,2386.0
2022-08-24,2336.0
2022-08-25,2320.0
2022-08-26,2394.0
2022-08-27,2394.0
2022-08-28,2394.0
2022-08-29,2420.0
2022-08-30,2407.0
2022-08-31,2385.0
2022-09-01,2396.0
2022-09-02,2427.0
2022-09-03,2427.0
2022-09-04,2427.0
2022-09-05,2427.0
2022-09-06,2355.0
2022-09-07,2350.0
2022-09-08,2336.0
2022-09-09,2318.0
2022-09-10,2318.0
2022-09-11,2318.0
2022-09-12,2304.0
2022-09-13,2317.0
2022-09-14,2329.0
2022-09-15,2334.0
2022-09-16,2382.0
2022-09-17,2382.0
2022-09-18,2382.0
2022-09-19,2380.0
2022-09-20,2380.0
2022-09-21,2380.0
2022-09-22,2439.0
2022-09-23,2523.0
2022-09-24,2523.0
2022-09-25,2523.0
2022-09-26,2590.0
2022-09-27,2691.0
2022-09-28,2640.0
2022-09-29,2754.0
2022-10-04,2683.0
2022-10-05,2712.0
2022-10-06,2768.0
2022-10-07,2768.0
2022-10-08,2768.0
2022-10-09,2768.0
2022-10-10,2768.0
2022-10-11,2826.0
2022-10-12,2824.0
2022-10-13,2821.0
2022-10-14,2800.0
2022-10-15,2800.0
2022-10-16,2800.0
2022-10-17,2827.0
2022-10-18,2823.0
2022-10-19,2813.0
2022-10-20,2743.0
2022-10-21,2646.0
2022-10-22,2646.0
2022-10-23,2646.0
2022-10-24,2519.0
2022-10-25,2494.0
2022-10-26,2564.0
2022-10-27,2589.0
2022-10-28,2590.0
2022-10-29,2590.0
2022-10-30,2590.0
2022-10-31,2625.0
2022-11-01,2568.0
2022-11-02,2567.0
2022-11-03,2589.0
2022-11-04,2566.0
2022-11-05,2566.0
2022-11-06,2566.0
2022-11-07,2543.0
2022-11-08,2483.0
2022-11-09,2536.0
2022-11-10,2481.0
2022-11-11,2484.0
2022-11-12,2484.0
2022-11-13,2484.0
2022-11-14,2427.0
2022-11-15,2385.0
2022-11-16,2346.0
2022-11-17,2383.0
2022-11-18,2383.0
2022-11-19,2383.0
2022-11-20,2383.0
2022-11-21,2427.0
2022-11-22,2425.0
2022-11-23,2409.0
2022-11-24,2406.0
2022-11-25,2370.0
2022-11-26,2370.0
2022-11-27,2370.0
2022-11-28,2384.0
2022-11-29,2319.0
2022-11-30,2248.0
2022-12-01,2207.0
2022-12-02,2245.0
2022-12-03,2245.0
2022-12-04,2245.0
2022-12-05,2297.0
2022-12-06,2386.0
2022-12-07,2326.0
2022-12-08,2317.0
2022-12-09,2343.0
2022-12-10,2343.0
2022-12-11,2343.0
2022-12-12,2271.0
2022-12-13,2230.0
2022-12-14,2242.0
2022-12-15,2221.0
2022-12-16,2175.0
2022-12-17,2175.0
2022-12-18,2175.0
2022-12-19,2159.0
2022-12-20,2113.0
2022-12-21,2080.0
2022-12-22,2097.0
2022-12-23,2183.0
2022-12-24,2183.0
2022-12-25,2183.0
2022-12-26,2183.0
2022-12-27,2154.0
2022-12-28,2154.0
2022-12-29,2160.0
2022-12-30,2213.0
2022-12-31,2213.0
2023-01-01,2213.0
2023-01-02,2213.0
2023-01-03,2153.0
2023-01-04,2089.0
2023-01-05,2118.0
2023-01-06,2094.0
2023-01-07,2094.0
2023-01-08,2094.0
2023-01-09,2079.0
2023-01-10,2059.0
2023-01-11,1996.0
2023-01-12,1994.0
2023-01-13,1980.0
2023-01-14,1980.0
2023-01-15,1980.0
2023-01-16,1980.0
2023-01-17,1881.0
2023-01-18,1807.0
2023-01-19,1938.0
2023-01-20,1876.0
2023-01-21,1876.0
2023-01-22,1876.0
2023-01-23,1843.0
2023-01-24,1825.0
2023-01-25,1834.0
2023-01-26,1837.0
2023-01-27,1826.0
2023-01-28,1826.0
2023-01-29,1826.0
2023-01-30,1806.0
2023-01-31,1817.0
2023-02-01,1820.0
2023-02-02,1795.0
2023-02-03,1845.0
2023-02-04,1845.0
2023-02-05,1845.0
2023-02-06,1912.0
2023-02-07,1907.0
2023-02-08,1912.0
2023-02-09,1928.0
2023-02-10,1962.0
2023-02-11,1962.0
2023-02-12,1962.0
2023-02-13,1966.0
2023-02-14,1968.0
2023-02-15,1997.0
2023-02-16,2056.0
2023-02-17,2123.0
2023-02-18,2123.0
2023-02-19,2123.0
2023-02-20,2123.0
2023-02-21,2183.0
2023-02-22,2127.0
2023-02-23,1974.0
2023-02-24,1996.0
2023-02-25,1996.0
2023-02-26,1996.0
2023-02-27,1966.0
2023-02-28,1965.0
2023-03-01,2036.0
2023-03-02,2088.0
2023-03-03,2081.0
2023-03-04,2081.0
2023-03-05,2081.0
2023-03-06,2047.0
2023-03-07,2044.0
2023-03-08,2098.0
2023-03-09,2134.0
2023-03-10,2207.0
2023-03-11,2207.0
2023-03-12,2207.0
2023-03-13,2323.0
2023-03-14,2293.0
2023-03-15,2397.0
2023-03-16,2324.0
2023-03-17,2383.0
2023-03-18,2383.0
2023-03-19,2383.0
2023-03-20,2383.0
2023-03-21,2335.0
2023-03-22,2458.0
2023-03-23,2497.0
2023-03-24,2549.0
2023-03-25,2549.0
2023-03-26,2549.0
2023-03-27,2531.0
2023-03-28,2521.0
2023-03-29,2365.0
2023-03-30,2304.0
2023-03-31,2276.0
2023-04-01,2276.0
2023-04-02,2276.0
2023-04-03,2280.0
2023-04-04,2351.0
2023-04-05,2432.0
2023-04-06,2472.0
2023-04-07,2472.0
2023-04-08,2472.0
2023-04-09,2472.0
2023-04-10,2429.0
2023-04-11,2440.0
2023-04-12,2385.0
2023-04-13,2376.0
2023-04-14,2352.0
2023-04-15,2352.0
2023-04-16,2352.0
2023-04-17,2407.0
2023-04-18,2474.0
2023-04-19,2661.0
2023-04-20,2660.0
2023-04-21,2622.0
2023-04-22,2622.0
2023-04-23,2622.0
2023-04-24,2624.0
2023-04-25,2648.0
2023-04-26,2640.0
2023-04-27,2657.0
2023-04-28,2656.0
2023-04-29,2656.0
2023-04-30,2656.0
2023-05-01,2662.0
2023-05-02,2647.0
2023-05-03,2623.0
2023-05-04,2582.0
2023-05-05,2576.0
2023-05-06,2576.0
2023-05-07,2576.0
2023-05-08,2577.0
2023-05-09,2524.0
2023-05-10,2507.0
2023-05-11,2523.0
2023-05-12,2584.0
2023-05-13,2584.0
2023-05-14,2584.0
2023-05-15,2587.0
2023-05-16,2580.0
2023-05-17,2550.0
2023-05-18,2594.0
2023-05-19,2600.0
2023-05-20,2600.0
2023-05-21,2600.0
2023-05-22,2578.0
2023-05-23,2577.0
2023-05-24,2590.0
2023-05-25,2590.0
2023-05-26,2590.0
2023-05-27,2590.0
2023-05-28,2590.0
2023-05-29,2590.0
2023-05-30,2590.0
2023-05-31,2590.0
2023-06-01,2616.0
2023-06-02,2561.0
2023-06-03,2561.0
2023-06-04,2561.0
2023-06-05,2518.0
2023-06-06,2396.0
2023-06-07,2341.0
2023-06-08,2388.0
2023-06-09,2378.0
2023-06-10,2378.0
2023-06-11,2378.0
2023-06-12,2345.0
2023-06-13,2311.0
2023-06-14,2330.0
2023-06-15,2359.0
2023-06-16,2371.0
2023-06-17,2371.0
2023-06-18,2371.0
2023-06-19,2371.0
2023-06-20,2356.0
2023-06-21,2307.0
2023-06-22,2216.0
2023-06-23,2232.0
2023-06-24,2232.0
2023-06-25,2232.0
2023-06-26,2095.0
2023-06-27,2120.0
2023-06-28,2098.0
2023-06-29,2061.0
2023-06-30,2037.0
2023-07-01,2037.0
2023-07-02,2037.0
2023-07-03,2037.0
2023-07-04,2037.0
2023-07-05,1941.0
2023-07-06,2053.0
2023-07-07,2103.0
2023-07-08,2103.0
2023-07-09,2103.0
2023-07-10,2044.0
2023-07-11,1981.0
2023-07-12,2005.0
2023-07-13,2038.0
2023-07-14,2112.0
2023-07-15,2112.0
2023-07-16,2112.0
2023-07-17,2042.0
2023-07-18,2023.0
2023-07-19,2064.0
2023-07-20,2038.0
2023-07-21,2021.0
2023-07-24,1960.0
2023-07-25,1951.0
2023-07-26,1991.0
2023-07-27,2017.0
2023-07-28,1960.0
2023-07-29,1960.0
2023-07-30,1960.0
2023-07-31,1980.0
2023-08-01,1990.0
2023-08-02,2011.0
2023-08-03,2024.0
2023-08-04,2020.0
2023-08-05,2020.0
2023-08-06,2020.0
2023-08-07,2020.0
2023-08-08,2010.0
2023-08-09,1975.0
2023-08-10,1911.0
2023-08-11,1915.0
2023-08-12,1915.0
2023-08-13,1915.0
2023-08-14,1914.0
2023-08-15,2172.0
2023-08-16,2187.0
2023-08-17,2185.0
2023-08-18,2128.0
2023-08-19,2128.0
2023-08-20,2128.0
2023-08-21,2128.0
2023-08-22,2049.0
2023-08-23,2035.0
2023-08-24,2050.0
2023-08-25,2050.0
2023-08-26,2050.0
2023-08-27,2050.0
2023-08-28,2041.0
2023-08-29,2052.0
2023-08-30,2094.0
2023-08-31,2105.0
2023-09-01,2090.0
2023-09-02,2090.0
2023-09-03,2090.0
2023-09-04,2091.0
2023-09-05,2136.0
2023-09-06,2178.0
2023-09-07,2131.0
2023-09-08,2155.0
2023-09-09,2155.0
2023-09-10,2155.0
2023-09-11,2170.0
2023-09-12,2176.0
2023-09-13,2168.0
2023-09-14,2156.0
2023-09-15,2169.0
2023-09-16,2169.0
2023-09-17,2169.0
2023-09-18,2170.0
2023-09-19,2194.0
2023-09-20,2265.0
2023-09-21,2375.0
2023-09-22,2371.0
2023-09-23,2371.0
2023-09-24,2371.0
2023-09-25,2368.0
2023-09-26,2385.0
2023-09-27,2399.0
2023-09-28,2486.0
2023-09-29,2543.0
2023-09-30,2543.0
2023-10-01,2543.0
2023-10-02,2600.0
2023-10-03,2637.0
2023-10-04,2698.0
2023-10-05,2719.0
2023-10-06,2675.0
2023-10-07,2675.0
2023-10-08,2675.0
2023-10-09,2674.0
2023-10-10,2622.0
2023-10-11,2523.0
2023-10-12,2510.0
2023-10-13,2506.0
2023-10-14,2506.0
2023-10-15,2506.0
2023-10-16,2506.0
2023-10-17,2375.0
2023-10-18,2390.0
2023-10-19,2403.0
2023-10-20,2412.0
2023-10-21,2412.0
2023-10-22,2412.0
2023-10-23,2611.0
2023-10-24,2496.0
2023-10-25,2475.0
2023-10-26,2531.0
2023-10-27,2560.0
2023-10-28,2560.0
2023-10-29,2560.0
2023-10-30,2583.0
2023-10-31,2577.0
2023-11-01,2601.0
2023-11-02,2546.0
2023-11-03,2525.0
2023-11-04,2525.0
2023-11-05,2525.0
2023-11-06,2525.0
2023-11-07,2525.0
2023-11-08,2458.0
2023-11-09,2466.0
2023-11-10,2475.0
2023-11-11,2475.0
2023-11-12,2475.0
2023-11-13,2495.0
2023-11-14,2497.0
2023-11-15,2452.0
2023-11-16,2397.0
2023-11-17,2412.0
2023-11-18,2412.0
2023-11-19,2412.0
2023-11-20,2243.0
2023-11-21,2175.0
2023-11-22,2124.0
2023-11-23,2125.0
2023-11-24,1961.0
2023-11-25,1961.0
2023-11-26,1961.0
2023-11-27,2006.0
2023-11-28,2054.0
2023-11-29,2020.0
2023-11-30,1982.0
2023-12-01,1982.0
2023-12-02,1982.0
2023-12-03,1982.0
2023-12-04,1950.0
2023-12-05,1937.0
2023-12-06,1896.0
2023-12-07,1896.0
2023-12-08,1920.0
2023-12-09,1920.0
2023-12-10,1920.0
2023-12-11,1935.0
2023-12-12,1879.0
2023-12-13,1815.0
2023-12-14,1828.0
2023-12-15,1854.0
2023-12-16,1854.0
2023-12-17,1854.0
2023-12-18,1844.0
2023-12-19,1853.0
2023-12-20,1872.0
2023-12-21,1860.0
2023-12-22,1864.0
2023-12-23,1864.0
2023-12-24,1864.0
2023-12-25,1864.0
2023-12-26,1866.0
2023-12-27,1894.0
2023-12-28,1892.0
2023-12-29,1906.0
2023-12-30,1906.0
2023-12-31,1906.0
2024-01-01,1906.0
2024-01-02,1938.0
2024-01-03,1986.0
2024-01-04,2018.0
2024-01-05,1998.0
2024-01-06,1998.0
2024-01-07,1998.0
2024-01-08,2049.0
2024-01-09,2102.0
2024-01-10,1985.0
2024-01-11,1926.0
2024-01-12,1904.0
2024-01-13,1904.0
2024-01-14,1904.0
2024-01-15,1905.0
2024-01-16,1920.0
2024-01-17,1948.0
2024-01-18,1966.0
2024-01-19,1971.0
2024-01-20,1971.0
2024-01-21,1971.0
2024-01-22,1935.0
2024-01-23,1892.0
2024-01-24,1897.0
2024-01-25,1870.0
2024-01-26,1856.0
2024-01-27,1856.0
2024-01-28,1856.0
2024-01-29,1888.0
2024-01-30,1936.0
2024-01-31,1950.0
2024-02-01,1959.0
2024-02-02,1919.0
2024-02-03,1919.0
2024-02-04,1919.0
2024-02-05,1869.0
2024-02-06,1832.0
2024-02-07,1928.0
2024-02-08,1956.0
2024-02-09,1993.0
2024-02-10,1993.0
2024-02-11,1993.0
2024-02-12,1993.0
2024-02-13,2032.0
2024-02-14,1930.0
2024-02-15,1895.0
2024-02-16,1788.0
2024-02-17,1788.0
2024-02-18,1788.0
2024-02-19,1788.0
2024-02-20,1762.0
2024-02-21,1786.0
2024-02-22,1710.0
2024-02-23,1686.0
2024-02-24,1686.0
2024-02-25,1686.0
2024-02-26,1709.0
2024-02-27,1753.0
2024-02-28,1730.0
2024-02-29,1705.0
2024-03-01,1635.0
2024-03-02,1635.0
2024-03-03,1635.0
2024-03-04,1590.0
2024-03-05,1617.0
2024-03-06,1621.0
2024-03-07,1643.0
2024-03-08,1690.0
2024-03-09,1690.0
2024-03-10,1690.0
2024-03-11,1713.0
2024-03-12,1645.0
2024-03-13,1596.0
2024-03-14,1648.0
2024-03-15,1603.0
2024-03-16,1603.0
2024-03-17,1603.0
2024-03-18,1581.0
2024-03-19,1535.0
2024-03-20,1498.0
2024-03-21,1460.0
2024-03-22,1432.0
2024-03-23,1432.0
2024-03-24,1432.0
2024-03-25,1421.0
2024-03-26,1430.0
2024-03-27,1442.0
2024-03-28,1439.0
2024-03-29,1439.0
2024-03-30,1439.0
2024-03-31,1439.0
2024-04-01,1439.0
2024-04-02,1439.0
2024-04-03,1419.0
2024-04-04,1359.0
2024-04-05,1302.0
2024-04-06,1302.0
2024-04-07,1302.0
2024-04-08,1205.0
2024-04-09,1220.0
2024-04-10,1276.0
2024-04-11,1290.0
2024-04-12,1331.0
2024-04-13,1331.0
2024-04-14,1331.0
2024-04-15,1375.0
2024-04-16,1381.0
2024-04-17,1270.0
2024-04-18,1242.0
2024-04-19,1216.0
2024-04-20,1216.0
2024-04-21,1216.0
2024-04-22,1148.0
2024-04-23,1174.0
2024-04-24,1205.0
2024-04-25,1234.0
2024-04-26,1210.0
2024-04-27,1210.0
2024-04-28,1210.0
2024-04-29,1208.0
2024-04-30,1216.0
2024-05-01,1224.0
2024-05-02,1236.0
2024-05-03,1243.0
2024-05-04,1243.0
2024-05-05,1243.0
2024-05-06,1229.0
2024-05-07,1219.0
2024-05-08,1234.0
2024-05-09,1263.0
2024-05-10,1272.0
2024-05-11,1272.0
2024-05-12,1272.0
2024-05-13,1248.0
2024-05-14,1244.0
2024-05-15,1235.0
2024-05-16,1254.0
2024-05-17,1263.0
2024-05-18,1263.0
2024-05-19,1263.0
2024-05-20,1258.0
2024-05-21,1298.0
2024-05-22,1394.0
2024-05-23,1433.0
2024-05-24,1443.0
2024-05-25,1443.0
2024-05-26,1443.0
2024-05-27,1443.0
2024-05-28,1416.0
2024-05-29,1376.0
2024-05-30,1312.0
2024-05-31,1312.0
2024-06-01,1312.0
2024-06-02,1312.0
2024-06-03,1414.0
2024-06-04,1494.0
2024-06-05,1528.0
2024-06-06,1596.0
2024-06-07,1582.0
2024-06-08,1582.0
2024-06-09,1582.0
2024-06-10,1488.0
2024-06-11,1525.0
2024-06-12,1484.0
2024-06-13,1421.0
2024-06-14,1382.0
2024-06-15,1382.0
2024-06-16,1382.0
2024-06-17,1382.0
2024-06-18,1385.0
2024-06-19,1384.0
2024-06-20,1402.0
2024-06-21,1420.0
2024-06-22,1420.0
2024-06-23,1420.0
2024-06-24,1443.0
2024-06-25,1440.0
2024-06-26,1429.0
2024-06-27,1445.0
2024-06-28,1456.0
2024-06-29,1456.0
2024-06-30,1456.0
2024-07-01,1513.0
2024-07-02,1536.0
2024-07-03,1521.0
2024-07-04,1523.0
2024-07-05,1406.0
2024-07-06,1406.0
2024-07-07,1406.0
2024-07-08,1496.0
2024-07-09,1491.0
2024-07-10,1477.0
2024-07-11,1473.0
2024-07-12,1511.0
2024-07-13,1511.0
2024-07-14,1511.0
2024-07-15,1555.0
2024-07-16,1584.0
2024-07-17,1593.0
2024-07-18,1587.0
2024-07-19,1590.0
2024-07-20,1590.0
2024-07-21,1590.0
2024-07-22,1570.0
2024-07-23,1551.0
2024-07-24,1577.0
2024-07-25,1589.0
2024-07-26,1562.0
2024-07-27,1562.0
2024-07-28,1562.0
2024-07-29,1553.0
2024-07-30,1556.0
2024-07-31,1507.0
2024-08-01,1550.0
2024-08-02,1612.0
2024-08-03,1612.0
2024-08-04,1612.0
2024-08-05,1653.0
2024-08-06,1625.0
2024-08-07,1574.0
2024-08-08,1552.0
2024-08-09,1558.0
2024-08-10,1558.0
2024-08-11,1558.0
2024-08-12,1560.0
2024-08-13,1557.0
2024-08-14,1515.0
2024-08-15,1490.0
2024-08-16,1471.0
2024-08-17,1471.0
2024-08-18,1471.0
2024-08-19,1471.0
2024-08-20,1493.0
2024-08-21,1525.0
2024-08-22,1560.0
2024-08-23,1516.0
2024-08-24,1516.0
2024-08-25,1516.0
2024-08-26,1516.0
2024-08-27,1510.0
2024-08-28,1484.0
2024-08-29,1444.0
2024-08-30,1433.0
2024-08-31,1433.0
2024-09-01,1433.0
2024-09-02,1433.0
2024-09-03,1467.0
2024-09-04,1465.0
2024-09-05,1452.0
2024-09-06,1483.0
2024-09-07,1483.0
2024-09-08,1483.0
2024-09-09,1442.0
2024-09-10,1445.0
2024-09-11,1445.0
2024-09-12,1422.0
2024-09-13,1400.0
2024-09-14,1400.0
2024-09-15,1400.0
2024-09-16,1365.0
2024-09-17,1370.0
2024-09-18,1363.0
2024-09-19,1301.0
2024-09-20,1319.0
2024-09-21,1319.0
2024-09-22,1319.0
2024-09-23,1308.0
2024-09-24,1303.0
2024-09-25,1304.0
2024-09-26,1302.0
2024-09-27,1311.0
2024-09-28,1311.0
2024-09-29,1311.0
2024-09-30,1290.0
2024-10-01,1288.0
2024-10-02,1276.0
2024-10-03,1265.0
2024-10-04,1258.0
2024-10-05,1258.0
2024-10-06,1258.0
2024-10-07,1207.0
2024-10-08,1188.0
2024-10-09,1121.0
2024-10-10,1126.0
2024-10-11,1106.0
2024-10-12,1106.0
2024-10-13,1106.0
2024-10-14,1106.0
2024-10-15,1044.0
2024-10-16,1052.0
2024-10-17,1099.0
2024-10-18,1097.0
2024-10-19,1097.0
2024-10-20,1097.0
2024-10-21,1100.0
2024-10-22,1099.0
2024-10-23,1103.0
2024-10-24,1036.0
2024-10-25,967.0
2024-10-26,967.0
2024-10-27,967.0
2024-10-28,914.0
2024-10-29,933.0
2024-10-30,956.0
2024-10-31,984.0
2024-11-01,955.0
2024-11-02,955.0
2024-11-03,955.0
2024-11-04,955.0
2024-11-05,933.0
2024-11-06,870.0
2024-11-07,859.0
2024-11-08,850.0
2024-11-09,850.0
2024-11-10,850.0
2024-11-11,850.0
2024-11-12,819.0
2024-11-13,800.0
2024-11-14,772.0
2024-11-15,769.0
2024-11-16,769.0
2024-11-17,769.0
2024-11-18,769.0
2024-11-19,746.0
2024-11-20,720.0
2024-11-21,734.0
2024-11-22,745.0
2024-11-23,745.0
2024-11-24,745.0
2024-11-25,748.0
2024-11-26,751.0
2024-11-27,755.0
2024-11-28,752.0
2024-11-29,752.0
2024-11-30,752.0
2024-12-01,752.0
2024-12-02,749.0
2024-12-03,754.0
2024-12-04,751.0
2024-12-05,760.0
2024-12-06,769.0
2024-12-07,769.0
2024-12-08,769.0
2024-12-09,737.0
2024-12-10,735.0
2024-12-11,719.0
2024-12-12,715.0
2024-12-13,708.0
2024-12-14,708.0
2024-12-15,708.0
2024-12-16,677.0
2024-12-17,673.0
2024-12-18,658.0
2024-12-19,663.0
2024-12-20,671.0
2024-12-21,671.0
2024-12-22,671.0
2024-12-23,649.0
2024-12-24,649.0
2024-12-25,650.0
2024-12-26,631.0
2024-12-27,627.0
2024-12-28,627.0
2024-12-29,627.0
2024-12-30,635.0
2024-12-31,635.0
2025-01-01,635.0
2025-01-02,610.0
2025-01-03,610.0
2025-01-06,569.0
2025-01-07,561.0
2025-01-08,572.0
2025-01-09,560.0
2025-01-10,580.0
2025-01-13,589.0
2025-01-14,579.0
2025-01-15,597.0
2025-01-16,626.0
2025-01-17,644.0
2025-01-20,641.0
2025-01-21,638.0
2025-01-22,640.0
2025-01-23,646.0
2025-01-24,631.0
2025-01-27,642.0
2025-01-28,634.0
2025-01-29,611.0
2025-01-30,614.0
2025-01-31,618.0
2025-02-03,632.0
2025-02-04,640.0
2025-02-05,660.0
2025-02-06,659.0
2025-02-07,660.0
2025-02-10,677.0
2025-02-11,710.0
2025-02-12,673.0
2025-02-13,675.0
2025-02-14,675.0
2025-02-17,675.0
2025-02-18,696.0
2025-02-19,719.0
2025-02-20,719.0
2025-02-21,720.0
2025-02-24,730.0
2025-02-25,748.0
2025-02-26,749.0
2025-02-27,769.0
2025-02-28,780.0
2025-03-03,780.0
2025-03-04,780.0
2025-03-05,717.0
2025-03-06,714.0
2025-03-07,692.0
2025-03-10,723.0
2025-03-11,723.0
2025-03-12,718.0
2025-03-13,748.0
2025-03-14,737.0
2025-03-17,750.0
2025-03-18,787.0
2025-03-19,777.0
2025-03-20,762.0
2025-03-21,769.0
2025-03-25,761.0
2025-03-26,769.0
2025-03-27,759.0
2025-03-28,797.0
2025-03-31,816.0
2025-04-01,823.0
2025-04-02,823.0
2025-04-03,872.0
2025-04-04,925.0
2025-04-07,960.0
2025-04-08,978.0
2025-04-09,889.0
2025-04-10,899.0
2025-04-11,874.0
2025-04-14,896.0
2025-04-15,725.0
2025-04-16,745.0
2025-04-17,745.0
2025-04-18,726.0
2025-04-21,720.0
2025-04-22,720.0
2025-04-23,720.0
2025-04-24,713.0
2025-04-25,692.0
2025-04-28,710.0
2025-04-29,701.0
2025-04-30,726.0
2025-05-01,735.0
2025-05-02,741.0
2025-05-05,741.0
2025-05-06,741.0
2025-05-07,766.0
2025-05-08,678.0
2025-05-09,678.0
2025-05-12,650.0
2025-05-13,651.0
2025-05-14,648.0
2025-05-15,676.0
2025-05-16,676.0
2025-05-19,675.0
2025-05-20,663.0
2025-05-21,661.0
2025-05-22,665.0
2025-05-23,665.0
2025-05-26,666.0
2025-05-27,666.0
2025-05-28,655.0
2025-05-29,663.0
2025-06-03,668.0
2025-06-04,688.0
2025-06-05,688.0
2025-06-06,691.0
2025-06-09,686.0
2025-06-10,655.0
2025-06-11,668.0
2025-06-12,678.0
2025-06-13,688.0
2025-06-16,687.0
2025-06-17,714.0
2025-06-18,726.0
2025-06-23,719.0
2025-06-24,681.0
2025-06-25,687.0
2025-06-26,685.0
2025-06-27,677.0
2025-06-30,701.0
2025-07-01,699.0
2025-07-02,700.0
2025-07-03,679.0
2025-07-07,698.0
2025-07-08,704.0
2025-07-09,692.0
2025-07-10,700.0
2025-07-11,717.0
2025-07-15,736.0
2025-07-16,748.0
2025-07-17,770.0
2025-07-18,759.0
2025-07-21,763.0
2025-07-22,775.0
2025-07-23,773.0
2025-07-24,753.0
2025-07-25,734.0
2025-07-28,719.0
2025-07-29,727.0
2025-07-30,716.0
2025-07-31,730.0
2025-08-01,771.0
2025-08-04,761.0
2025-08-05,743.0
2025-08-06,735.0
2025-08-07,728.0
2025-08-08,733.0
2025-08-11,724.0
2025-08-12,722.0
2025-08-13,711.0
2025-08-14,712.0
2025-08-15,709.0
2025-08-18,706.0
2025-08-19,700.0
2025-08-20,747.0
2025-08-21,753.0
2025-08-22,767.0
2025-08-25,829.0
2025-08-26,850.0
2025-08-27,853.0
2025-08-28,837.0
2025-08-29,829.0
2025-09-02,898.0
2025-09-03,893.0
2025-09-04,901.0
2025-09-05,906.0
2025-09-08,1108.0
2025-09-09,1070.0
2025-09-10,1024.0
2025-09-11,1047.0
2025-09-12,1140.0
2025-09-15,1231.0
2025-09-16,1167.0
2025-09-17,1246.0
2025-09-18,1456.0
2025-09-19,1456.0
2025-09-22,1089.0
2025-09-23,1018.0
2025-09-24,898.0
2025-09-25,973.0
2025-09-26,1060.0
2025-09-27,1060.0
2025-09-29,1115.0
2025-09-30,1222.0
2025-10-01,1264.0
2025-10-02,1264.0
2025-10-03,1165.0
2025-10-06,1080.0
2025-10-07,1016.0
2025-10-08,1074.0
2025-10-09,1071.0
2025-10-10,932.0
2025-10-13,932.0
2025-10-14,1026.0
2025-10-15,1004.0
2025-10-16,1029.0
2025-10-17,1089.0
2025-10-20,1048.0
2025-10-21,1075.0
2025-10-22,1123.0
2025-10-23,1081.0
2025-10-24,1081.0
2025-10-27,708.0
2025-10-28,685.0
2025-10-29,666.0
2025-10-30,676.0
2025-10-31,657.0
2025-11-03,665.0
2025-11-04,660.0
2025-11-05,621.0
2025-11-06,638.0
2025-11-07,647.0
2025-11-10,599.0
2025-11-11,598.0
2025-11-12,605.0
2025-11-13,616.0
2025-11-14,612.0
2025-11-17,616.0
2025-11-18,614.0
2025-11-19,601.0
2025-11-20,620.0
2025-11-21,651.0
2025-11-24,635.0
2025-11-25,656.0
2025-11-26,652.0
2025-11-27,653.0
2025-11-28,648.0
2025-12-01,648.0
2025-12-02,647.0
2025-12-03,639.0
2025-12-04,634.0
2025-12-05,627.0
2025-12-08,633.0
2025-12-09,634.0
2025-12-10,628.0
2025-12-11,634.0
2025-12-12,624.0
2025-12-15,602.0
2025-12-16,573.0
2025-12-17,569.0
2025-12-18,568.0
2025-12-19,573.0
2025-12-22,570.0
2025-12-23,575.0
2025-12-24,575.0
2025-12-25,575.0
2025-12-26,580.0
2025-12-29,571.0
2025-12-30,569.0
2025-12-31,571.0
2026-01-01,571.0
2026-01-02,553.0
2026-01-05,566.0
2026-01-06,566.0
2026-01-07,575.0
2026-01-08,579.0
2026-01-09,566.0
2026-01-12,577.0
2026-01-13,581.0
2026-01-14,586.0
2026-01-15,571.0
2026-01-16,564.0
2026-01-19,566.0
2026-01-20,569.0
2026-01-21,562.0
2026-01-22,546.0
2026-01-23,526.0
2026-01-26,513.0
2026-01-27,494.0
2026-01-28,484.0
2026-01-29,492.0
2026-01-30,496.0
2026-02-02,495.0
2026-02-03,503.0
2026-02-04,502.0
2026-02-05,516.0
2026-02-06,512.0
2026-02-09,502.0
2026-02-10,507.0
2026-02-11,506.0
2026-02-12,514.0
2026-02-13,519.0
2026-02-16,519.0
2026-02-17,511.0
2026-02-18,515.0
2026-02-19,524.0
2026-02-20,519.0
2026-02-23,537.0
2026-02-24,545.0
2026-02-25,545.0
2026-02-26,554.0
2026-02-27,572.0
2026-03-02,567.0
2026-03-03,573.0
2026-03-04,534.0
2026-03-05,546.0
2026-03-06,575.0
2026-03-09,583.0
2026-03-10,555.0
2026-03-11,552.0
2026-03-12,568.0
2026-03-13,584.0
2026-03-16,601.0
2026-03-17,587.0
2026-03-18,610.0
2026-03-19,602.0
2026-03-20,633.0
2026-03-23,600.0
2026-03-24,603.0
2026-03-25,595.0
2026-03-26,583.0
2026-03-27,615.0
2026-03-30,637.0
2026-03-31,617.0
2026-04-01,612.0
2026-04-02,612.0
2026-04-03,609.0
2026-04-06,611.0
2026-04-07,610.0
