fecha,valor
1996-04-08,18715.0
1996-04-09,18751.0
1996-04-10,19116.0
1996-04-11,19008.0
1996-04-12,18625.0
1996-04-15,18450.0
1996-04-16,18877.0
1996-04-17,18882.0
1996-04-18,19010.0
1996-04-19,18981.0
1996-04-22,19077.0
1996-04-23,18975.0
1996-04-24,18868.0
1996-04-25,18963.0
1996-04-26,18481.0
1996-04-29,17878.0
1996-04-30,17763.0
1996-05-02,18393.0
1996-05-03,18503.0
1996-05-06,18591.0
1996-05-07,18996.0
1996-05-08,19206.0
1996-05-09,19159.0
1996-05-10,19170.0
1996-05-13,19204.0
1996-05-14,19038.0
1996-05-15,18844.0
1996-05-16,18777.0
1996-05-17,18700.0
1996-05-20,18681.0
1996-05-21,19449.0
1996-05-22,19353.0
1996-05-23,19282.0
1996-05-24,19241.0
1996-05-27,19248.0
1996-05-28,18801.0
1996-05-29,18681.0
1996-05-30,18112.0
1996-05-31,18073.0
1996-06-03,18580.0
1996-06-04,18543.0
1996-06-05,18697.0
1996-06-06,18719.0
1996-06-07,18880.0
1996-06-11,18853.0
1996-06-12,19480.0
1996-06-13,19525.0
1996-06-14,20125.0
1996-06-18,19732.0
1996-06-19,19544.0
1996-06-20,19373.0
1996-06-21,19394.0
1996-06-24,19190.0
1996-06-25,19308.0
1996-06-26,19200.0
1996-06-27,19943.0
1996-06-28,19974.0
1996-07-01,19908.0
1996-07-02,19987.0
1996-07-03,20277.0
1996-07-04,20272.0
1996-07-05,20459.0
1996-07-08,20307.0
1996-07-10,20193.0
1996-07-11,20053.0
1996-07-12,20204.0
1996-07-15,20172.0
1996-07-16,20787.0
1996-07-17,20801.0
1996-07-18,20800.0
1996-07-19,20743.0
1996-07-22,20583.0
1996-07-23,20341.0
1996-07-24,20201.0
1996-07-25,19976.0
1996-07-26,19802.0
1996-07-29,20286.0
1996-07-30,20186.0
1996-07-31,19719.0
1996-08-01,19349.0
1996-08-02,19341.0
1996-08-05,19443.0
1996-08-06,19224.0
1996-08-07,19150.0
1996-08-08,19254.0
1996-08-09,19490.0
1996-08-12,19687.0
1996-08-13,19984.0
1996-08-14,19994.0
1996-08-15,20216.0
1996-08-16,19905.0
1996-08-20,19544.0
1996-08-21,19461.0
1996-08-22,19364.0
1996-08-23,19522.0
1996-08-26,19427.0
1996-08-27,19604.0
1996-08-28,19645.0
1996-08-29,19481.0
1996-08-30,19530.0
1996-09-02,19518.0
1996-09-03,19445.0
1996-09-04,19297.0
1996-09-05,19240.0
1996-09-06,19308.0
1996-09-09,19092.0
1996-09-10,19023.0
1996-09-11,19101.0
1996-09-12,18999.0
1996-09-13,19009.0
1996-09-16,18808.0
1996-09-17,19035.0
1996-09-18,18786.0
1996-09-19,18796.0
1996-09-20,19499.0
1996-09-23,19252.0
1996-09-24,19395.0
1996-09-25,19328.0
1996-09-26,19198.0
1996-09-27,18956.0
1996-09-30,19984.0
1996-10-01,20314.0
1996-10-02,20748.0
1996-10-03,20707.0
1996-10-04,19734.0
1996-10-07,19439.0
1996-10-08,19092.0
1996-10-09,20028.0
1996-10-10,19968.0
1996-10-11,20175.0
1996-10-14,20168.0
1996-10-15,20001.0
1996-10-16,19758.0
1996-10-17,19559.0
1996-10-18,19975.0
1996-10-21,19902.0
1996-10-22,19873.0
1996-10-23,19773.0
1996-10-24,19763.0
1996-10-25,19965.0
1996-10-28,19867.0
1996-10-29,19850.0
1996-10-30,19893.0
1996-10-31,19288.0
1996-11-01,19330.0
1996-11-04,19506.0
1996-11-05,19871.0
1996-11-06,19998.0
1996-11-07,19934.0
1996-11-08,19950.0
1996-11-11,19942.0
1996-11-12,20453.0
1996-11-13,20719.0
1996-11-14,20771.0
1996-11-15,20379.0
1996-11-18,20434.0
1996-11-19,20306.0
1996-11-20,20405.0
1996-11-21,20764.0
1996-11-22,20407.0
1996-11-25,20198.0
1996-11-26,20358.0
1996-11-27,20281.0
1996-11-28,20291.0
1996-11-29,20033.0
1996-12-02,20464.0
1996-12-03,20586.0
1996-12-04,20815.0
1996-12-05,20882.0
1996-12-06,20931.0
1996-12-09,20982.0
1996-12-10,20928.0
1996-12-11,21136.0
1996-12-12,20962.0
1996-12-13,21653.0
1996-12-16,21742.0
1996-12-17,21848.0
1996-12-18,22044.0
1996-12-19,22411.0
1996-12-20,22955.0
1996-12-23,23582.0
1996-12-24,23772.0
1996-12-26,23711.0
1996-12-27,23912.0
1996-12-30,23330.0
1997-01-02,23496.0
1997-01-03,23954.0
1997-01-06,23165.0
1997-01-07,22887.0
1997-01-08,22887.0
1997-01-09,23091.0
1997-01-10,23273.0
1997-01-13,23127.0
1997-01-14,22964.0
1997-01-15,22931.0
1997-01-16,22939.0
1997-01-17,22515.0
1997-01-20,22522.0
1997-01-21,22620.0
1997-01-22,22797.0
1997-01-23,22799.0
1997-01-24,22633.0
1997-01-27,22652.0
1997-01-28,22554.0
1997-01-29,22043.0
1997-01-30,24029.0
1997-01-31,23426.0
1997-02-03,23938.0
1997-02-04,23924.0
1997-02-05,23796.0
1997-02-06,23710.0
1997-02-07,24143.0
1997-02-10,24102.0
1997-02-11,23795.0
1997-02-12,24122.0
1997-02-13,24298.0
1997-02-14,24649.0
1997-02-17,24644.0
1997-02-18,24720.0
1997-02-19,24874.0
1997-02-20,25019.0
1997-02-21,25029.0
1997-02-24,25047.0
1997-02-25,25240.0
1997-02-26,25187.0
1997-02-27,25242.0
1997-02-28,25155.0
1997-03-03,25074.0
1997-03-04,25069.0
1997-03-05,24905.0
1997-03-06,24858.0
1997-03-07,24819.0
1997-03-10,24692.0
1997-03-11,24843.0
1997-03-12,24870.0
1997-03-13,25041.0
1997-03-14,25008.0
1997-03-17,24803.0
1997-03-18,25916.0
1997-03-19,25877.0
1997-03-20,25871.0
1997-03-21,25901.0
1997-03-24,25460.0
1997-03-25,25510.0
1997-03-26,25050.0
1997-03-31,24406.0
1997-04-01,24763.0
1997-04-02,24871.0
1997-04-03,24783.0
1997-04-04,24786.0
1997-04-07,24577.0
1997-04-08,24233.0
1997-04-09,24271.0
1997-04-10,24277.0
1997-04-11,24532.0
1997-04-14,24508.0
1997-04-15,24522.0
1997-04-16,24584.0
1997-04-17,24549.0
1997-04-18,24457.0
1997-04-21,24344.0
1997-04-22,24316.0
1997-04-23,24415.0
1997-04-24,24188.0
1997-04-25,24052.0
1997-04-28,24095.0
1997-04-29,23996.0
1997-04-30,24028.0
1997-05-02,24271.0
1997-05-05,24123.0
1997-05-06,24002.0
1997-05-07,24330.0
1997-05-08,24231.0
1997-05-09,24669.0
1997-05-12,24698.0
1997-05-13,24932.0
1997-05-14,25307.0
1997-05-15,24736.0
1997-05-16,25207.0
1997-05-19,25092.0
1997-05-20,25355.0
1997-05-21,25594.0
1997-05-22,25546.0
1997-05-23,25751.0
1997-05-26,25829.0
1997-05-27,26479.0
1997-05-28,26326.0
1997-05-29,26197.0
1997-05-30,26007.0
1997-06-02,26017.0
1997-06-03,25998.0
1997-06-04,26007.0
1997-06-05,25907.0
1997-06-06,25909.0
1997-06-10,25778.0
1997-06-11,25919.0
1997-06-12,25857.0
1997-06-13,25751.0
1997-06-17,25502.0
1997-06-18,25375.0
1997-06-19,25142.0
1997-06-20,25447.0
1997-06-23,25099.0
1997-06-24,25494.0
1997-06-25,25912.0
1997-06-26,26087.0
1997-06-27,26437.0
1997-06-30,25862.0
1997-07-01,26624.0
1997-07-02,26392.0
1997-07-03,26792.0
1997-07-04,26713.0
1997-07-07,26487.0
1997-07-08,26283.0
1997-07-10,26639.0
1997-07-11,26485.0
1997-07-14,26309.0
1997-07-15,26141.0
1997-07-16,26023.0
1997-07-17,26145.0
1997-07-18,26257.0
1997-07-21,26644.0
1997-07-22,26742.0
1997-07-23,27100.0
1997-07-24,27183.0
1997-07-25,27212.0
1997-07-28,26907.0
1997-07-29,26873.0
1997-07-30,27070.0
1997-07-31,26863.0
1997-08-01,26836.0
1997-08-04,27314.0
1997-08-05,27345.0
1997-08-06,27463.0
1997-08-07,27274.0
1997-08-08,27309.0
1997-08-11,27469.0
1997-08-12,27545.0
1997-08-13,27655.0
1997-08-14,27667.0
1997-08-15,27593.0
1997-08-19,27546.0
1997-08-20,27682.0
1997-08-21,27999.0
1997-08-22,28128.0
1997-08-25,28197.0
1997-08-26,28180.0
1997-08-27,28192.0
1997-08-28,28271.0
1997-08-29,27879.0
1997-09-01,28044.0
1997-09-02,27632.0
1997-09-03,27483.0
1997-09-04,27703.0
1997-09-05,27734.0
1997-09-08,27387.0
1997-09-09,27469.0
1997-09-10,27364.0
1997-09-11,27435.0
1997-09-12,27692.0
1997-09-15,27374.0
1997-09-16,27111.0
1997-09-17,27316.0
1997-09-18,27076.0
1997-09-19,27077.0
1997-09-22,27230.0
1997-09-23,27134.0
1997-09-24,27284.0
1997-09-25,27890.0
1997-09-26,28029.0
1997-09-29,26812.0
1997-09-30,26521.0
1997-10-01,27019.0
1997-10-02,26976.0
1997-10-03,26984.0
1997-10-06,27316.0
1997-10-07,27163.0
1997-10-08,27259.0
1997-10-09,27450.0
1997-10-10,27549.0
1997-10-13,27682.0
1997-10-14,27547.0
1997-10-15,27414.0
1997-10-16,27619.0
1997-10-17,27859.0
1997-10-20,27798.0
1997-10-21,28141.0
1997-10-22,28003.0
1997-10-23,28101.0
1997-10-24,28183.0
1997-10-27,27981.0
1997-10-28,27590.0
1997-10-29,27451.0
1997-10-30,27692.0
1997-10-31,27591.0
1997-11-03,28000.0
1997-11-04,28192.0
1997-11-05,28526.0
1997-11-06,28981.0
1997-11-07,29045.0
1997-11-10,28944.0
1997-11-11,28873.0
1997-11-12,28739.0
1997-11-13,28757.0
1997-11-14,28669.0
1997-11-17,28542.0
1997-11-18,28350.0
1997-11-19,28371.0
1997-11-20,28350.0
1997-11-21,28061.0
1997-11-24,27990.0
1997-11-25,27628.0
1997-11-26,27429.0
1997-11-27,27471.0
1997-11-28,27331.0
1997-12-01,27536.0
1997-12-02,28200.0
1997-12-03,28315.0
1997-12-04,28440.0
1997-12-05,28632.0
1997-12-09,28476.0
1997-12-10,28475.0
1997-12-11,28670.0
1997-12-12,28771.0
1997-12-15,28467.0
1997-12-16,29354.0
1997-12-17,29325.0
1997-12-18,29555.0
1997-12-19,30129.0
1997-12-22,30192.0
1997-12-23,30337.0
1997-12-24,30478.0
1997-12-26,30453.0
1997-12-29,29799.0
1997-12-31,29769.0
1998-01-02,29628.0
1998-01-05,30175.0
1998-01-06,30318.0
1998-01-07,30321.0
1998-01-08,30121.0
1998-01-09,29950.0
1998-01-12,29960.0
1998-01-13,30190.0
1998-01-14,30677.0
1998-01-15,30437.0
1998-01-16,30646.0
1998-01-19,30477.0
1998-01-20,29675.0
1998-01-21,29539.0
1998-01-22,29177.0
1998-01-23,28930.0
1998-01-26,28772.0
1998-01-27,28918.0
1998-01-28,28879.0
1998-01-29,28494.0
1998-01-30,27914.0
1998-02-02,28617.0
1998-02-03,29178.0
1998-02-04,29970.0
1998-02-05,29998.0
1998-02-06,29905.0
1998-02-09,29866.0
1998-02-10,30387.0
1998-02-11,30258.0
1998-02-12,30344.0
1998-02-13,30164.0
1998-02-16,30206.0
1998-02-17,30059.0
1998-02-18,30294.0
1998-02-19,30362.0
1998-02-20,30647.0
1998-02-23,30622.0
1998-02-24,30572.0
1998-02-25,30603.0
1998-02-26,31513.0
1998-02-27,31325.0
1998-03-02,30825.0
1998-03-03,30643.0
1998-03-04,30652.0
1998-03-05,30867.0
1998-03-06,30716.0
1998-03-09,30509.0
1998-03-10,30267.0
1998-03-11,30257.0
1998-03-12,30571.0
1998-03-13,30644.0
1998-03-16,30122.0
1998-03-17,30155.0
1998-03-18,29992.0
1998-03-19,30830.0
1998-03-20,30864.0
1998-03-23,30635.0
1998-03-24,30600.0
1998-03-25,30464.0
1998-03-26,30556.0
1998-03-27,30839.0
1998-03-30,30202.0
1998-03-31,29993.0
1998-04-01,30870.0
1998-04-02,30860.0
1998-04-03,30375.0
1998-04-06,30171.0
1998-04-07,30409.0
1998-04-08,29955.0
1998-04-13,30725.0
1998-04-14,30546.0
1998-04-15,30549.0
1998-04-16,30680.0
1998-04-17,30845.0
1998-04-20,30700.0
1998-04-21,31520.0
1998-04-22,31354.0
1998-04-23,30233.0
1998-04-24,30339.0
1998-04-27,30293.0
1998-04-28,30373.0
1998-04-29,30190.0
1998-04-30,29941.0
1998-05-04,30905.0
1998-05-05,31065.0
1998-05-06,31056.0
1998-05-07,31174.0
1998-05-08,31385.0
1998-05-11,31577.0
1998-05-12,31465.0
1998-05-13,31519.0
1998-05-14,31329.0
1998-05-15,31336.0
1998-05-18,30934.0
1998-05-19,30868.0
1998-05-20,31164.0
1998-05-21,31178.0
1998-05-22,31535.0
1998-05-26,31880.0
1998-05-27,31628.0
1998-05-28,31782.0
1998-05-29,30462.0
1998-06-01,31266.0
1998-06-02,31486.0
1998-06-03,31523.0
1998-06-04,31903.0
1998-06-05,32043.0
1998-06-09,32082.0
1998-06-10,32041.0
1998-06-11,32315.0
1998-06-12,32306.0
1998-06-16,32065.0
1998-06-17,32091.0
1998-06-18,32124.0
1998-06-19,32175.0
1998-06-22,31839.0
1998-06-23,31667.0
1998-06-24,31900.0
1998-06-25,31261.0
1998-06-26,30980.0
1998-06-29,30980.0
1998-06-30,30919.0
1998-07-01,32140.0
1998-07-02,32459.0
1998-07-03,32444.0
1998-07-06,33259.0
1998-07-07,33374.0
1998-07-08,33811.0
1998-07-10,33859.0
1998-07-13,33923.0
1998-07-14,33623.0
1998-07-15,33523.0
1998-07-16,33685.0
1998-07-17,33808.0
1998-07-20,33516.0
1998-07-21,34030.0
1998-07-22,33908.0
1998-07-23,34220.0
1998-07-24,34572.0
1998-07-27,34500.0
1998-07-28,33907.0
1998-07-29,34139.0
1998-07-30,34397.0
1998-07-31,33513.0
1998-08-03,34140.0
1998-08-04,34198.0
1998-08-05,34712.0
1998-08-06,34849.0
1998-08-07,34808.0
1998-08-10,34437.0
1998-08-11,34354.0
1998-08-12,34328.0
1998-08-13,32927.0
1998-08-14,32812.0
1998-08-18,32764.0
1998-08-19,32681.0
1998-08-20,32623.0
1998-08-21,32804.0
1998-08-24,32921.0
1998-08-25,32776.0
1998-08-26,32635.0
1998-08-27,32462.0
1998-08-28,32499.0
1998-08-31,31766.0
1998-09-01,32496.0
1998-09-02,32622.0
1998-09-03,32443.0
1998-09-04,32456.0
1998-09-07,32484.0
1998-09-08,31918.0
1998-09-09,32172.0
1998-09-10,31944.0
1998-09-11,31994.0
1998-09-14,31881.0
1998-09-15,31537.0
1998-09-16,31428.0
1998-09-17,31791.0
1998-09-18,31545.0
1998-09-21,31508.0
1998-09-22,31649.0
1998-09-23,31706.0
1998-09-24,31619.0
1998-09-25,32226.0
1998-09-28,32118.0
1998-09-29,31556.0
1998-09-30,30716.0
1998-10-01,31164.0
1998-10-02,31425.0
1998-10-05,31463.0
1998-10-06,31429.0
1998-10-07,31591.0
1998-10-08,31446.0
1998-10-09,31518.0
1998-10-13,31524.0
1998-10-14,31554.0
1998-10-15,31248.0
1998-10-16,31137.0
1998-10-19,31026.0
1998-10-20,31183.0
1998-10-21,31065.0
1998-10-22,30944.0
1998-10-23,31462.0
1998-10-26,31286.0
1998-10-27,31011.0
1998-10-28,30873.0
1998-10-29,30647.0
1998-10-30,30283.0
1998-11-02,30801.0
1998-11-03,30907.0
1998-11-04,30990.0
1998-11-05,30798.0
1998-11-06,31002.0
1998-11-09,30885.0
1998-11-10,30971.0
1998-11-11,30897.0
1998-11-12,30902.0
1998-11-13,30930.0
1998-11-16,31138.0
1998-11-17,32234.0
1998-11-18,32358.0
1998-11-19,31142.0
1998-11-20,31230.0
1998-11-23,31152.0
1998-11-24,31188.0
1998-11-25,31621.0
1998-11-26,31621.0
1998-11-27,31059.0
1998-11-30,30468.0
1998-12-01,31303.0
1998-12-02,31646.0
1998-12-03,31667.0
1998-12-04,32758.0
1998-12-07,32897.0
1998-12-09,32771.0
1998-12-10,32939.0
1998-12-11,34085.0
1998-12-14,32752.0
1998-12-15,32848.0
1998-12-16,32891.0
1998-12-17,33125.0
1998-12-18,32962.0
1998-12-21,32752.0
1998-12-22,32540.0
1998-12-23,33890.0
1998-12-24,33636.0
1998-12-28,33128.0
1998-12-29,32508.0
1998-12-30,31736.0
1999-01-04,32947.0
1999-01-05,33043.0
1999-01-06,33130.0
1999-01-07,33555.0
1999-01-08,33555.0
1999-01-11,33482.0
1999-01-12,33564.0
1999-01-13,33562.0
1999-01-14,33587.0
1999-01-15,33009.0
1999-01-18,33016.0
1999-01-19,32953.0
1999-01-20,32963.0
1999-01-21,33052.0
1999-01-22,33084.0
1999-01-25,32982.0
1999-01-26,32987.0
1999-01-27,32763.0
1999-01-28,32719.0
1999-01-29,30931.0
1999-02-01,31893.0
1999-02-02,32086.0
1999-02-03,33816.0
1999-02-04,33865.0
1999-02-05,33782.0
1999-02-08,33832.0
1999-02-09,33736.0
1999-02-10,33881.0
1999-02-11,33844.0
1999-02-12,33593.0
1999-02-15,33611.0
1999-02-16,33383.0
1999-02-17,33276.0
1999-02-18,33549.0
1999-02-19,33454.0
1999-02-22,33042.0
1999-02-23,32718.0
1999-02-24,32320.0
1999-02-25,33368.0
1999-02-26,33342.0
1999-03-01,33969.0
1999-03-02,34046.0
1999-03-03,33872.0
1999-03-04,34126.0
1999-03-05,34224.0
1999-03-08,34115.0
1999-03-09,33774.0
1999-03-10,33803.0
1999-03-11,33653.0
1999-03-12,33585.0
1999-03-15,33629.0
1999-03-16,33469.0
1999-03-17,33460.0
1999-03-18,33271.0
1999-03-19,33555.0
1999-03-22,33600.0
1999-03-23,33266.0
1999-03-24,33371.0
1999-03-25,33517.0
1999-03-26,33726.0
1999-03-29,32762.0
1999-03-30,32054.0
1999-03-31,31725.0
1999-04-05,32727.0
1999-04-06,33108.0
1999-04-07,34165.0
1999-04-08,33997.0
1999-04-09,33885.0
1999-04-12,33683.0
1999-04-13,33822.0
1999-04-14,33452.0
1999-04-15,33210.0
1999-04-16,32968.0
1999-04-19,32830.0
1999-04-20,32388.0
1999-04-21,32438.0
1999-04-22,32356.0
1999-04-23,31025.0
1999-04-26,31251.0
1999-04-27,31031.0
1999-04-28,30873.0
1999-04-29,30801.0
1999-04-30,30522.0
1999-05-03,31410.0
1999-05-04,31644.0
1999-05-05,31160.0
1999-05-06,31293.0
1999-05-07,31492.0
1999-05-10,31445.0
1999-05-11,31670.0
1999-05-12,32012.0
1999-05-13,32077.0
1999-05-14,32238.0
1999-05-17,32251.0
1999-05-18,31957.0
1999-05-19,31814.0
1999-05-20,31565.0
1999-05-21,31433.0
1999-05-24,31406.0
1999-05-26,32126.0
1999-05-27,32251.0
1999-05-28,31379.0
1999-05-31,31403.0
1999-06-01,32141.0
1999-06-02,32008.0
1999-06-03,31842.0
1999-06-04,32012.0
1999-06-07,30921.0
1999-06-08,30777.0
1999-06-09,30753.0
1999-06-10,30975.0
1999-06-11,30986.0
1999-06-15,31174.0
1999-06-16,31270.0
1999-06-17,31445.0
1999-06-18,31402.0
1999-06-22,31335.0
1999-06-23,31333.0
1999-06-24,31555.0
1999-06-25,31528.0
1999-06-28,32413.0
1999-06-29,31949.0
1999-06-30,32192.0
1999-07-01,33523.0
1999-07-02,33940.0
1999-07-05,33976.0
1999-07-06,33740.0
1999-07-07,33705.0
1999-07-08,33881.0
1999-07-12,33960.0
1999-07-13,33029.0
1999-07-14,33315.0
1999-07-15,33122.0
1999-07-16,33312.0
1999-07-19,33393.0
1999-07-20,33400.0
1999-07-21,33056.0
1999-07-22,33106.0
1999-07-23,33079.0
1999-07-26,32971.0
1999-07-27,32952.0
1999-07-28,33268.0
1999-07-29,32897.0
1999-07-30,31933.0
1999-08-02,33143.0
1999-08-03,33328.0
1999-08-04,33249.0
1999-08-05,33193.0
1999-08-06,33538.0
1999-08-09,33311.0
1999-08-10,33250.0
1999-08-11,33845.0
1999-08-12,33884.0
1999-08-13,33224.0
1999-08-17,33022.0
1999-08-18,33067.0
1999-08-19,33106.0
1999-08-20,32040.0
1999-08-23,31811.0
1999-08-24,31490.0
1999-08-25,31441.0
1999-08-26,31337.0
1999-08-27,31149.0
1999-08-30,30518.0
1999-08-31,30856.0
1999-09-01,31606.0
1999-09-02,31701.0
1999-09-03,32176.0
1999-09-06,32208.0
1999-09-07,32021.0
1999-09-08,32068.0
1999-09-09,32260.0
1999-09-10,32416.0
1999-09-13,32189.0
1999-09-14,32111.0
1999-09-15,31691.0
1999-09-16,31762.0
1999-09-17,32384.0
1999-09-20,32399.0
1999-09-21,32423.0
1999-09-22,32494.0
1999-09-23,32887.0
1999-09-24,33190.0
1999-09-27,33349.0
1999-09-28,33271.0
1999-09-29,32563.0
1999-09-30,32084.0
1999-10-01,32909.0
1999-10-04,32785.0
1999-10-05,33061.0
1999-10-06,32859.0
1999-10-07,32831.0
1999-10-08,32503.0
1999-10-12,32339.0
1999-10-13,32285.0
1999-10-14,32505.0
1999-10-15,33300.0
1999-10-18,33363.0
1999-10-19,32919.0
1999-10-20,32287.0
1999-10-21,33448.0
1999-10-22,33365.0
1999-10-25,33494.0
1999-10-26,33763.0
1999-10-27,33705.0
1999-10-28,33163.0
1999-10-29,32041.0
1999-11-01,32686.0
1999-11-02,33229.0
1999-11-03,33241.0
1999-11-04,33253.0
1999-11-05,33372.0
1999-11-08,33215.0
1999-11-09,33629.0
1999-11-10,33570.0
1999-11-11,33563.0
1999-11-12,33848.0
1999-11-15,33407.0
1999-11-16,33554.0
1999-11-17,33373.0
1999-11-18,33426.0
1999-11-19,33419.0
1999-11-22,33703.0
1999-11-23,33770.0
1999-11-24,33571.0
1999-11-25,33551.0
1999-11-26,33744.0
1999-11-29,32898.0
1999-11-30,32427.0
1999-12-01,33332.0
1999-12-02,33604.0
1999-12-03,33687.0
1999-12-06,33726.0
1999-12-07,33955.0
1999-12-09,34071.0
1999-12-10,34169.0
1999-12-13,33720.0
1999-12-14,33777.0
1999-12-15,33834.0
1999-12-16,33979.0
1999-12-17,34074.0
1999-12-20,34032.0
1999-12-21,34407.0
1999-12-22,34481.0
1999-12-23,34435.0
1999-12-24,34526.0
1999-12-27,34172.0
1999-12-28,33739.0
1999-12-29,33230.0
1999-12-31,33100.0
2000-01-03,33070.0
2000-01-04,33075.0
2000-01-05,32657.0
2000-01-06,32537.0
2000-01-07,32126.0
2000-01-10,32098.0
2000-01-11,32190.0
2000-01-12,32326.0
2000-01-13,32199.0
2000-01-14,32073.0
2000-01-17,32017.0
2000-01-18,31891.0
2000-01-19,31899.0
2000-01-20,31974.0
2000-01-21,31782.0
2000-01-24,31661.0
2000-01-25,31829.0
2000-01-26,32478.0
2000-01-27,32508.0
2000-01-28,32365.0
2000-01-31,31100.0
2000-02-01,32762.0
2000-02-02,32432.0
2000-02-03,33436.0
2000-02-04,33671.0
2000-02-07,33626.0
2000-02-08,33768.0
2000-02-09,33960.0
2000-02-10,34123.0
2000-02-11,34615.0
2000-02-14,34239.0
2000-02-15,33267.0
2000-02-16,33415.0
2000-02-17,33378.0
2000-02-18,33432.0
2000-02-21,33438.0
2000-02-22,32889.0
2000-02-23,32846.0
2000-02-24,32761.0
2000-02-25,32869.0
2000-02-28,32569.0
2000-02-29,32255.0
2000-03-01,33162.0
2000-03-02,33231.0
2000-03-03,33655.0
2000-03-06,33585.0
2000-03-07,33341.0
2000-03-08,33161.0
2000-03-09,33222.0
2000-03-10,33413.0
2000-03-13,33239.0
2000-03-14,34297.0
2000-03-15,33905.0
2000-03-16,34744.0
2000-03-17,34361.0
2000-03-20,34190.0
2000-03-21,34175.0
2000-03-22,34052.0
2000-03-23,33960.0
2000-03-24,33940.0
2000-03-27,34059.0
2000-03-28,33768.0
2000-03-29,33439.0
2000-03-30,32189.0
2000-03-31,32976.0
2000-04-03,33490.0
2000-04-04,33616.0
2000-04-05,34178.0
2000-04-06,33874.0
2000-04-07,33915.0
2000-04-10,33602.0
2000-04-11,33890.0
2000-04-12,33886.0
2000-04-13,33826.0
2000-04-14,33774.0
2000-04-17,33587.0
2000-04-18,33429.0
2000-04-19,33574.0
2000-04-24,33003.0
2000-04-25,31729.0
2000-04-26,31625.0
2000-04-27,31329.0
2000-04-28,31182.0
2000-05-02,32415.0
2000-05-03,32659.0
2000-05-04,32493.0
2000-05-05,32813.0
2000-05-08,32429.0
2000-05-09,32765.0
2000-05-10,32679.0
2000-05-11,33032.0
2000-05-12,33011.0
2000-05-15,32755.0
2000-05-16,32570.0
2000-05-17,32579.0
2000-05-18,32417.0
2000-05-19,32524.0
2000-05-22,32308.0
2000-05-23,32166.0
2000-05-24,32534.0
2000-05-26,32680.0
2000-05-29,32703.0
2000-05-30,31113.0
2000-05-31,30601.0
2000-06-01,32298.0
2000-06-02,32354.0
2000-06-05,32100.0
2000-06-06,32102.0
2000-06-07,32168.0
2000-06-08,32364.0
2000-06-09,32410.0
2000-06-12,32518.0
2000-06-13,32419.0
2000-06-14,32708.0
2000-06-15,32852.0
2000-06-16,32769.0
2000-06-20,33996.0
2000-06-21,34257.0
2000-06-22,34113.0
2000-06-23,34132.0
2000-06-26,33994.0
2000-06-27,33834.0
2000-06-28,34662.0
2000-06-29,34638.0
2000-06-30,34355.0
2000-07-03,35187.0
2000-07-04,35204.0
2000-07-05,35156.0
2000-07-06,35170.0
2000-07-07,35266.0
2000-07-10,34994.0
2000-07-11,35165.0
2000-07-12,35137.0
2000-07-13,35207.0
2000-07-14,35818.0
2000-07-17,35944.0
2000-07-18,36068.0
2000-07-19,36282.0
2000-07-20,36508.0
2000-07-21,37283.0
2000-07-24,34258.0
2000-07-25,34312.0
2000-07-26,34168.0
2000-07-27,34187.0
2000-07-28,34068.0
2000-07-31,33845.0
2000-08-01,34495.0
2000-08-02,34643.0
2000-08-03,34564.0
2000-08-04,34295.0
2000-08-07,34267.0
2000-08-08,33979.0
2000-08-09,33874.0
2000-08-10,33780.0
2000-08-11,33468.0
2000-08-14,33441.0
2000-08-15,33483.0
2000-08-16,33534.0
2000-08-17,33679.0
2000-08-18,33121.0
2000-08-22,33284.0
2000-08-23,33429.0
2000-08-24,33193.0
2000-08-25,32678.0
2000-08-28,32819.0
2000-08-29,32007.0
2000-08-30,32062.0
2000-08-31,31831.0
2000-09-01,32574.0
2000-09-04,32589.0
2000-09-05,32839.0
2000-09-06,32976.0
2000-09-07,32967.0
2000-09-08,33331.0
2000-09-11,33739.0
2000-09-12,33607.0
2000-09-13,33620.0
2000-09-14,33632.0
2000-09-15,33022.0
2000-09-18,32953.0
2000-09-19,33216.0
2000-09-20,33460.0
2000-09-21,33956.0
2000-09-22,34139.0
2000-09-25,33922.0
2000-09-26,34674.0
2000-09-27,34950.0
2000-09-28,33879.0
2000-09-29,33219.0
2000-10-02,33555.0
2000-10-03,34352.0
2000-10-04,34589.0
2000-10-05,34592.0
2000-10-06,34750.0
2000-10-09,34735.0
2000-10-10,34216.0
2000-10-11,34149.0
2000-10-12,34390.0
2000-10-13,33926.0
2000-10-17,33572.0
2000-10-18,33663.0
2000-10-19,33611.0
2000-10-20,33535.0
2000-10-23,33253.0
2000-10-24,33114.0
2000-10-25,32828.0
2000-10-26,32702.0
2000-10-27,32798.0
2000-10-30,32103.0
2000-10-31,31751.0
2000-11-01,32806.0
2000-11-02,33108.0
2000-11-03,33289.0
2000-11-07,33232.0
2000-11-08,33166.0
2000-11-09,32957.0
2000-11-10,31927.0
2000-11-13,31750.0
2000-11-14,31415.0
2000-11-15,31013.0
2000-11-16,30939.0
2000-11-17,30835.0
2000-11-20,30691.0
2000-11-21,30922.0
2000-11-22,30802.0
2000-11-23,30811.0
2000-11-24,29946.0
2000-11-27,29777.0
2000-11-28,29703.0
2000-11-29,29377.0
2000-11-30,29571.0
2000-12-01,30222.0
2000-12-04,30293.0
2000-12-05,30772.0
2000-12-06,31090.0
2000-12-07,31284.0
2000-12-11,31440.0
2000-12-12,31251.0
2000-12-13,31935.0
2000-12-14,32149.0
2000-12-15,31930.0
2000-12-18,31941.0
2000-12-19,31928.0
2000-12-20,32080.0
2000-12-21,34283.0
2000-12-22,34654.0
2000-12-26,34698.0
2000-12-27,34627.0
2000-12-31,34234.0
2001-01-02,34591.0
2001-01-03,34574.0
2001-01-04,34583.0
2001-01-05,34578.0
2001-01-08,34753.0
2001-01-09,34838.0
2001-01-10,34902.0
2001-01-11,34587.0
2001-01-12,34878.0
2001-01-15,34884.0
2001-01-16,34432.0
2001-01-17,34533.0
2001-01-18,37380.0
2001-01-19,37249.0
2001-01-22,36864.0
2001-01-23,36835.0
2001-01-24,36791.0
2001-01-25,36807.0
2001-01-26,36749.0
2001-01-29,36631.0
2001-01-30,36131.0
2001-01-31,36153.0
2001-02-01,37086.0
2001-02-02,37194.0
2001-02-05,37034.0
2001-02-06,36992.0
2001-02-07,33764.0
2001-02-08,33708.0
2001-02-09,33776.0
2001-02-12,33777.0
2001-02-13,33598.0
2001-02-14,33557.0
2001-02-15,33484.0
2001-02-16,33551.0
2001-02-19,33550.0
2001-02-20,33401.0
2001-02-21,33359.0
2001-02-22,33554.0
2001-02-23,33879.0
2001-02-26,33622.0
2001-02-27,33301.0
2001-02-28,33219.0
2001-03-01,35286.0
2001-03-02,35375.0
2001-03-05,34708.0
2001-03-06,35001.0
2001-03-07,34773.0
2001-03-08,34448.0
2001-03-09,34353.0
2001-03-12,34343.0
2001-03-13,34222.0
2001-03-14,34123.0
2001-03-15,33698.0
2001-03-16,32914.0
2001-03-19,32320.0
2001-03-20,31999.0
2001-03-21,31660.0
2001-03-22,31363.0
2001-03-23,30902.0
2001-03-26,30215.0
2001-03-27,30241.0
2001-03-28,30143.0
2001-03-29,29317.0
2001-03-30,29812.0
2001-04-03,29891.0
2001-04-04,30142.0
2001-04-05,29969.0
2001-04-06,30090.0
2001-04-09,29671.0
2001-04-10,30541.0
2001-04-11,30502.0
2001-04-16,28342.0
2001-04-17,28308.0
2001-04-18,28446.0
2001-04-19,28319.0
2001-04-20,28165.0
2001-04-23,27696.0
2001-04-24,27447.0
2001-04-25,27155.0
2001-04-26,27426.0
2001-04-27,27083.0
2001-04-30,26464.0
2001-05-02,26902.0
2001-05-03,27185.0
2001-05-04,27038.0
2001-05-07,26814.0
2001-05-08,26958.0
2001-05-09,26750.0
2001-05-10,25902.0
2001-05-11,26854.0
2001-05-14,27213.0
2001-05-15,26772.0
2001-05-16,26765.0
2001-05-17,26678.0
2001-05-18,26648.0
2001-05-21,26275.0
2001-05-22,26163.0
2001-05-23,27182.0
2001-05-24,26147.0
2001-05-28,26109.0
2001-05-29,26201.0
2001-05-30,25761.0
2001-05-31,25570.0
2001-06-01,26253.0
2001-06-04,26542.0
2001-06-05,26414.0
2001-06-06,26521.0
2001-06-07,26603.0
2001-06-08,26723.0
2001-06-11,26593.0
2001-06-12,26338.0
2001-06-13,26415.0
2001-06-14,26273.0
2001-06-15,26045.0
2001-06-19,25319.0
2001-06-20,26167.0
2001-06-21,26112.0
2001-06-22,26495.0
2001-06-25,26429.0
2001-06-26,26610.0
2001-06-27,26914.0
2001-06-28,27357.0
2001-06-29,27266.0
2001-07-02,27506.0
2001-07-03,27639.0
2001-07-04,27556.0
2001-07-05,27138.0
2001-07-06,26431.0
2001-07-10,26610.0
2001-07-11,25902.0
2001-07-12,24443.0
2001-07-13,23567.0
2001-07-16,23107.0
2001-07-17,23221.0
2001-07-18,23052.0
2001-07-19,23051.0
2001-07-20,22843.0
2001-07-23,22724.0
2001-07-24,22638.0
2001-07-25,22311.0
2001-07-26,22264.0
2001-07-27,21108.0
2001-07-30,20929.0
2001-07-31,20257.0
2001-08-01,19882.0
2001-08-02,19396.0
2001-08-03,18935.0
2001-08-06,18759.0
2001-08-07,19059.0
2001-08-08,18950.0
2001-08-09,18933.0
2001-08-10,19366.0
2001-08-13,19452.0
2001-08-14,19479.0
2001-08-15,18986.0
2001-08-16,19017.0
2001-08-17,18849.0
2001-08-21,18374.0
2001-08-22,18406.0
2001-08-23,18508.0
2001-08-24,18296.0
2001-08-27,18264.0
2001-08-28,18166.0
2001-08-29,17824.0
2001-08-30,17978.0
2001-08-31,17467.0
2001-09-03,17439.0
2001-09-04,17467.0
2001-09-05,17591.0
2001-09-06,17740.0
2001-09-07,17916.0
2001-09-10,23416.0
2001-09-11,23458.0
2001-09-12,23454.0
2001-09-13,24824.0
2001-09-14,24853.0
2001-09-17,24620.0
2001-09-18,24684.0
2001-09-19,24817.0
2001-09-20,25023.0
2001-09-21,25162.0
2001-09-24,25087.0
2001-09-25,25480.0
2001-09-26,25407.0
2001-09-27,25034.0
2001-09-28,24799.0
2001-10-01,24553.0
2001-10-02,24756.0
2001-10-03,24804.0
2001-10-04,24576.0
2001-10-05,24090.0
2001-10-09,23392.0
2001-10-10,24148.0
2001-10-11,23807.0
2001-10-12,23212.0
2001-10-15,22893.0
2001-10-16,22974.0
2001-10-17,23308.0
2001-10-18,23323.0
2001-10-19,23522.0
2001-10-22,23147.0
2001-10-23,23342.0
2001-10-24,23249.0
2001-10-25,23311.0
2001-10-26,23020.0
2001-10-29,22908.0
2001-10-30,22603.0
2001-10-31,21190.0
2001-11-01,20732.0
2001-11-02,20177.0
2001-11-05,19864.0
2001-11-07,20324.0
2001-11-08,20743.0
2001-11-09,20173.0
2001-11-12,20120.0
2001-11-13,20160.0
2001-11-14,20143.0
2001-11-15,19919.0
2001-11-16,19612.0
2001-11-19,19461.0
2001-11-20,19393.0
2001-11-21,18887.0
2001-11-22,18821.0
2001-11-23,18476.0
2001-11-26,18229.0
2001-11-27,17916.0
2001-11-28,17662.0
2001-11-29,17093.0
2001-11-30,15195.0
2001-12-03,15088.0
2001-12-04,15101.0
2001-12-05,15015.0
2001-12-06,15274.0
2001-12-07,15487.0
2001-12-10,15630.0
2001-12-11,15733.0
2001-12-12,15683.0
2001-12-13,15740.0
2001-12-14,15772.0
2001-12-17,15710.0
2001-12-18,15376.0
2001-12-19,14995.0
2001-12-20,14851.0
2001-12-21,14864.0
2001-12-24,15153.0
2001-12-26,15100.0
2001-12-27,15334.0
2001-12-28,15306.0
2001-12-31,15232.0
2002-01-02,15164.0
2002-01-03,15215.0
2002-01-04,15237.0
2002-01-07,15371.0
2002-01-08,15392.0
2002-01-09,15396.0
2002-01-10,15419.0
2002-01-11,15429.0
2002-01-14,15468.0
2002-01-15,15358.0
2002-01-16,15348.0
2002-01-17,15226.0
2002-01-18,15188.0
2002-01-21,15167.0
2002-01-22,15132.0
2002-01-23,15177.0
2002-01-24,15157.0
2002-01-25,14137.0
2002-01-28,14082.0
2002-01-29,14066.0
2002-01-30,14067.0
2002-01-31,14069.0
2002-02-01,14025.0
2002-02-04,13674.0
2002-02-05,13973.0
2002-02-06,13971.0
2002-02-07,13974.0
2002-02-08,13936.0
2002-02-11,13694.0
2002-02-12,13667.0
2002-02-13,13665.0
2002-02-14,13664.0
2002-02-15,13658.0
2002-02-18,13657.0
2002-02-19,13627.0
2002-02-20,13605.0
2002-02-21,13600.0
2002-02-22,14118.0
2002-02-25,14121.0
2002-02-26,14062.0
2002-02-27,13996.0
2002-02-28,13883.0
2002-03-01,13788.0
2002-03-04,13732.0
2002-03-05,13794.0
2002-03-06,13798.0
2002-03-07,13809.0
2002-03-08,13774.0
2002-03-11,13753.0
2002-03-12,13603.0
2002-03-13,13541.0
2002-03-14,13431.0
2002-03-15,13364.0
2002-03-18,13341.0
2002-03-19,13202.0
2002-03-20,13101.0
2002-03-21,12937.0
2002-03-22,12899.0
2002-03-25,12895.0
2002-03-26,12855.0
2002-03-27,12780.0
2002-04-02,12762.0
2002-04-03,12667.0
2002-04-04,12699.0
2002-04-05,12686.0
2002-04-08,12665.0
2002-04-09,12644.0
2002-04-10,12530.0
2002-04-11,12472.0
2002-04-12,12454.0
2002-04-15,12436.0
2002-04-16,12396.0
2002-04-17,12390.0
2002-04-18,12353.0
2002-04-19,12314.0
2002-04-22,12315.0
2002-04-23,12316.0
2002-04-24,12316.0
2002-04-25,12317.0
2002-04-26,12317.0
2002-04-29,12313.0
2002-04-30,12171.0
2002-05-02,12135.0
2002-05-03,12027.0
2002-05-06,12009.0
2002-05-07,11980.0
2002-05-08,11770.0
2002-05-09,11740.0
2002-05-10,11564.0
2002-05-13,11546.0
2002-05-14,10843.0
2002-05-15,10818.0
2002-05-16,10795.0
2002-05-17,10751.0
2002-05-20,10709.0
2002-05-21,10636.0
2002-05-22,10594.0
2002-05-23,10563.0
2002-05-24,10505.0
2002-05-27,10463.0
2002-05-28,10386.0
2002-05-29,10357.0
2002-05-30,10221.0
2002-05-31,10185.0
2002-06-03,10174.0
2002-06-04,10182.0
2002-06-05,10158.0
2002-06-06,10119.0
2002-06-07,10054.0
2002-06-10,10070.0
2002-06-11,10062.0
2002-06-12,9974.0
2002-06-13,9966.0
2002-06-14,9928.0
2002-06-18,9818.0
2002-06-19,9819.0
2002-06-20,9781.0
2002-06-21,9757.0
2002-06-24,9688.0
2002-06-25,9695.0
2002-06-26,9717.0
2002-06-27,9698.0
2002-06-28,9629.0
2002-07-01,9574.0
2002-07-02,9568.0
2002-07-03,9535.0
2002-07-04,9511.0
2002-07-05,9504.0
2002-07-08,9508.0
2002-07-10,9505.0
2002-07-11,9531.0
2002-07-12,9525.0
2002-07-15,8958.0
2002-07-16,9015.0
2002-07-17,9052.0
2002-07-18,9022.0
2002-07-19,8968.0
2002-07-22,8979.0
2002-07-23,8944.0
2002-07-24,8932.0
2002-07-25,8937.0
2002-07-26,8966.0
2002-07-29,8973.0
2002-07-30,9015.0
2002-07-31,8986.0
2002-08-01,8982.0
2002-08-02,8961.0
2002-08-05,8985.0
2002-08-06,8985.0
2002-08-07,8980.0
2002-08-08,8832.0
2002-08-09,8873.0
2002-08-12,8894.0
2002-08-13,8936.0
2002-08-14,8962.0
2002-08-15,9034.0
2002-08-16,9030.0
2002-08-20,9070.0
2002-08-21,9094.0
2002-08-22,9133.0
2002-08-23,9098.0
2002-08-26,9098.0
2002-08-27,9070.0
2002-08-28,9086.0
2002-08-29,9109.0
2002-08-30,9102.0
2002-09-02,9109.0
2002-09-03,9144.0
2002-09-04,9163.0
2002-09-05,9158.0
2002-09-06,9338.0
2002-09-09,9316.0
2002-09-10,9369.0
2002-09-11,9374.0
2002-09-12,9404.0
2002-09-13,9411.0
2002-09-16,9450.0
2002-09-17,9449.0
2002-09-18,9472.0
2002-09-19,9481.0
2002-09-20,9453.0
2002-09-23,9477.0
2002-09-24,9476.0
2002-09-25,9472.0
2002-09-26,9465.0
2002-09-27,9431.0
2002-09-30,9404.0
2002-10-01,9426.0
2002-10-02,9414.0
2002-10-03,9426.0
2002-10-04,9377.0
2002-10-07,9399.0
2002-10-08,9401.0
2002-10-09,9435.0
2002-10-10,9380.0
2002-10-11,9383.0
2002-10-15,9458.0
2002-10-16,9523.0
2002-10-17,9634.0
2002-10-18,9630.0
2002-10-21,9629.0
2002-10-22,9641.0
2002-10-23,9712.0
2002-10-24,9732.0
2002-10-25,9749.0
2002-10-28,9772.0
2002-10-29,9789.0
2002-10-30,9835.0
2002-10-31,9883.0
2002-11-01,9918.0
2002-11-04,9916.0
2002-11-05,9922.0
2002-11-07,9805.0
2002-11-08,9897.0
2002-11-11,9711.0
2002-11-12,9810.0
2002-11-13,9854.0
2002-11-14,9787.0
2002-11-15,9777.0
2002-11-18,9821.0
2002-11-19,9864.0
2002-11-20,9823.0
2002-11-21,9861.0
2002-11-22,9883.0
2002-11-25,9906.0
2002-11-26,9993.0
2002-11-27,10030.0
2002-11-28,10019.0
2002-11-29,10022.0
2002-12-02,10071.0
2002-12-03,10111.0
2002-12-04,10128.0
2002-12-05,10140.0
2002-12-06,10139.0
2002-12-09,10152.0
2002-12-10,10186.0
2002-12-11,10221.0
2002-12-12,10234.0
2002-12-13,10259.0
2002-12-16,10203.0
2002-12-17,10206.0
2002-12-18,10247.0
2002-12-19,10274.0
2002-12-20,10295.0
2002-12-23,10368.0
2002-12-24,10378.0
2002-12-26,10415.0
2002-12-27,10469.0
2002-12-30,10516.0
2002-12-31,10476.0
2003-01-02,10501.0
2003-01-03,10505.0
2003-01-06,10564.0
2003-01-07,10605.0
2003-01-08,10652.0
2003-01-09,10663.0
2003-01-10,10645.0
2003-01-13,10664.0
2003-01-14,10693.0
2003-01-15,10730.0
2003-01-16,10746.0
2003-01-17,9751.0
2003-01-20,9752.0
2003-01-21,9815.0
2003-01-22,9831.0
2003-01-23,8267.0
2003-01-24,8245.0
2003-01-27,9262.0
2003-01-28,9264.0
2003-01-29,9330.0
2003-01-30,9334.0
2003-01-31,9326.0
2003-02-03,9308.0
2003-02-04,9290.0
2003-02-05,9306.0
2003-02-06,9320.0
2003-02-07,9210.0
2003-02-10,9232.0
2003-02-11,9256.0
2003-02-12,9236.0
2003-02-13,9291.0
2003-02-14,9440.0
2003-02-17,9439.0
2003-02-18,9434.0
2003-02-19,10194.0
2003-02-20,10209.0
2003-02-21,10247.0
2003-02-24,10251.0
2003-02-25,10274.0
2003-02-26,10300.0
2003-02-27,10295.0
2003-02-28,10289.0
2003-03-03,10256.0
2003-03-04,10263.0
2003-03-05,10266.0
2003-03-06,10276.0
2003-03-07,10279.0
2003-03-10,10304.0
2003-03-11,10310.0
2003-03-12,10312.0
2003-03-13,10312.0
2003-03-14,10326.0
2003-03-17,10209.0
2003-03-18,10224.0
2003-03-19,10176.0
2003-03-20,10513.0
2003-03-21,10507.0
2003-03-24,10496.0
2003-03-25,10533.0
2003-03-26,10555.0
2003-03-27,10576.0
2003-03-28,10517.0
2003-04-01,10513.0
2003-04-02,10515.0
2003-04-03,10540.0
2003-04-04,10547.0
2003-04-07,10519.0
2003-04-08,10506.0
2003-04-09,10514.0
2003-04-10,10448.0
2003-04-11,10472.0
2003-04-14,10472.0
2003-04-15,10477.0
2003-04-16,10484.0
2003-04-21,10502.0
2003-04-22,10541.0
2003-04-23,10595.0
2003-04-24,10609.0
2003-04-25,10867.0
2003-04-28,10891.0
2003-04-29,10948.0
2003-04-30,10971.0
2003-05-02,11102.0
2003-05-05,11182.0
2003-05-06,11260.0
2003-05-07,10996.0
2003-05-08,11135.0
2003-05-09,11292.0
2003-05-12,11354.0
2003-05-13,11465.0
2003-05-14,10735.0
2003-05-15,10755.0
2003-05-16,10898.0
2003-05-19,10881.0
2003-05-20,10971.0
2003-05-21,10988.0
2003-05-22,11008.0
2003-05-23,11045.0
2003-05-26,11048.0
2003-05-27,11052.0
2003-05-28,11048.0
2003-05-29,11087.0
2003-05-30,11374.0
2003-06-02,11547.0
2003-06-03,11601.0
2003-06-04,11638.0
2003-06-05,11614.0
2003-06-06,11656.0
2003-06-09,11734.0
2003-06-10,11823.0
2003-06-11,11853.0
2003-06-12,12021.0
2003-06-13,11452.0
2003-06-17,11552.0
2003-06-18,11628.0
2003-06-19,11637.0
2003-06-20,11650.0
2003-06-23,11735.0
2003-06-24,12136.0
2003-06-25,12173.0
2003-06-26,12237.0
2003-06-27,12229.0
2003-06-30,12183.0
2003-07-01,12201.0
2003-07-02,12239.0
2003-07-03,12244.0
2003-07-04,12973.0
2003-07-07,13036.0
2003-07-08,13071.0
2003-07-10,13101.0
2003-07-11,13137.0
2003-07-14,13167.0
2003-07-15,13197.0
2003-07-16,13251.0
2003-07-17,12267.0
2003-07-18,12300.0
2003-07-21,12321.0
2003-07-22,12357.0
2003-07-23,12376.0
2003-07-24,12424.0
2003-07-25,12467.0
2003-07-28,12490.0
2003-07-29,13552.0
2003-07-30,13518.0
2003-07-31,13484.0
2003-08-01,13496.0
2003-08-04,13521.0
2003-08-05,13504.0
2003-08-06,13533.0
2003-08-07,13396.0
2003-08-08,13390.0
2003-08-11,13398.0
2003-08-12,13365.0
2003-08-13,13395.0
2003-08-14,13357.0
2003-08-15,13325.0
2003-08-19,13319.0
2003-08-20,13340.0
2003-08-21,13334.0
2003-08-22,13332.0
2003-08-25,13334.0
2003-08-26,13330.0
2003-08-27,13317.0
2003-08-28,13300.0
2003-08-29,13584.0
2003-09-01,13592.0
2003-09-02,13618.0
2003-09-03,13622.0
2003-09-04,13625.0
2003-09-05,13643.0
2003-09-08,13707.0
2003-09-09,13714.0
2003-09-10,13763.0
2003-09-11,10870.0
2003-09-12,10757.0
2003-09-15,10804.0
2003-09-16,10802.0
2003-09-17,10815.0
2003-09-18,10825.0
2003-09-19,10845.0
2003-09-22,10841.0
2003-09-23,13428.0
2003-09-24,13449.0
2003-09-25,13467.0
2003-09-26,13383.0
2003-09-29,13378.0
2003-09-30,13406.0
2003-10-01,13423.0
2003-10-02,13434.0
2003-10-03,13436.0
2003-10-06,13446.0
2003-10-07,13457.0
2003-10-08,13477.0
2003-10-09,13508.0
2003-10-10,13427.0
2003-10-14,13449.0
2003-10-15,13333.0
2003-10-16,13360.0
2003-10-17,13331.0
2003-10-20,13242.0
2003-10-21,13310.0
2003-10-22,13337.0
2003-10-23,13357.0
2003-10-24,12754.0
2003-10-27,12792.0
2003-10-28,12821.0
2003-10-29,12848.0
2003-10-30,12882.0
2003-10-31,12902.0
2003-11-03,12892.0
2003-11-04,12924.0
2003-11-05,12953.0
2003-11-07,12841.0
2003-11-10,13329.0
2003-11-11,13334.0
2003-11-12,13387.0
2003-11-13,13435.0
2003-11-14,13506.0
2003-11-17,13435.0
2003-11-18,13499.0
2003-11-19,13503.0
2003-11-20,13535.0
2003-11-21,13394.0
2003-11-24,13448.0
2003-11-25,13466.0
2003-11-26,13487.0
2003-11-27,13487.0
2003-11-28,13483.0
2003-12-01,13520.0
2003-12-02,13538.0
2003-12-03,13583.0
2003-12-04,13721.0
2003-12-05,13754.0
2003-12-09,13890.0
2003-12-10,13917.0
2003-12-11,13938.0
2003-12-12,13976.0
2003-12-15,13402.0
2003-12-16,13437.0
2003-12-17,13497.0
2003-12-18,13551.0
2003-12-19,13577.0
2003-12-22,14048.0
2003-12-23,14072.0
2003-12-24,14061.0
2003-12-26,14073.0
2003-12-29,14052.0
2003-12-30,14117.0
2003-12-31,14119.0
2004-01-02,14209.0
2004-01-05,14257.0
2004-01-06,14303.0
2004-01-07,14326.0
2004-01-08,14364.0
2004-01-09,14398.0
2004-01-12,14440.0
2004-01-13,14467.0
2004-01-14,14500.0
2004-01-15,14480.0
2004-01-16,14502.0
2004-01-19,14502.0
2004-01-20,14476.0
2004-01-21,14554.0
2004-01-22,14584.0
2004-01-23,14619.0
2004-01-26,14632.0
2004-01-27,14653.0
2004-01-28,14661.0
2004-01-29,14669.0
2004-01-30,14920.0
2004-02-02,14957.0
2004-02-03,14991.0
2004-02-04,14997.0
2004-02-05,15001.0
2004-02-06,15022.0
2004-02-09,14971.0
2004-02-10,15037.0
2004-02-11,15047.0
2004-02-12,15089.0
2004-02-13,15105.0
2004-02-16,15104.0
2004-02-17,14963.0
2004-02-18,14984.0
2004-02-19,14971.0
2004-02-20,14976.0
2004-02-23,14947.0
2004-02-24,14967.0
2004-02-25,14998.0
2004-02-26,15000.0
2004-02-27,15003.0
2004-03-01,15046.0
2004-03-02,15049.0
2004-03-03,15026.0
2004-03-04,15011.0
2004-03-05,15031.0
2004-03-08,15062.0
2004-03-09,12017.0
2004-03-10,12042.0
2004-03-11,12055.0
2004-03-12,12107.0
2004-03-15,11997.0
2004-03-16,12027.0
2004-03-17,12047.0
2004-03-18,12004.0
2004-03-19,11748.0
2004-03-22,11756.0
2004-03-23,11779.0
2004-03-24,14878.0
2004-03-25,14866.0
2004-03-26,14861.0
2004-03-29,14882.0
2004-03-30,14921.0
2004-03-31,15003.0
2004-04-01,15104.0
2004-04-02,15113.0
2004-04-06,15142.0
2004-04-07,15100.0
2004-04-12,15123.0
2004-04-13,15144.0
2004-04-14,15202.0
2004-04-15,15206.0
2004-04-16,15155.0
2004-04-19,15200.0
2004-04-20,15250.0
2004-04-21,15280.0
2004-04-22,15339.0
2004-04-23,15407.0
2004-04-26,15472.0
2004-04-27,15537.0
2004-04-28,15588.0
2004-04-29,15656.0
2004-04-30,15763.0
2004-05-03,15853.0
2004-05-04,15965.0
2004-05-05,16021.0
2004-05-06,16054.0
2004-05-07,16008.0
2004-05-10,15966.0
2004-05-11,16021.0
2004-05-12,16126.0
2004-05-13,16161.0
2004-05-14,16216.0
2004-05-17,16154.0
2004-05-18,16228.0
2004-05-19,16310.0
2004-05-20,16359.0
2004-05-21,16446.0
2004-05-24,16511.0
2004-05-26,16576.0
2004-05-27,16645.0
2004-05-28,16703.0
2004-05-31,16705.0
2004-06-01,16811.0
2004-06-02,16883.0
2004-06-03,16916.0
2004-06-04,17019.0
2004-06-07,17065.0
2004-06-08,17079.0
2004-06-09,17117.0
2004-06-10,17190.0
2004-06-11,17212.0
2004-06-14,17263.0
2004-06-15,17314.0
2004-06-16,17366.0
2004-06-17,17459.0
2004-06-18,17155.0
2004-06-22,17368.0
2004-06-23,17428.0
2004-06-24,17501.0
2004-06-25,17530.0
2004-06-28,17550.0
2004-06-29,17556.0
2004-06-30,17443.0
2004-07-01,17478.0
2004-07-02,17513.0
2004-07-05,17513.0
2004-07-06,17732.0
2004-07-07,17879.0
2004-07-08,17913.0
2004-07-12,17995.0
2004-07-13,18007.0
2004-07-14,18079.0
2004-07-15,18089.0
2004-07-16,18009.0
2004-07-19,18017.0
2004-07-20,18023.0
2004-07-21,18013.0
2004-07-22,18040.0
2004-07-23,18038.0
2004-07-26,18081.0
2004-07-27,18049.0
2004-07-28,18064.0
2004-07-29,18048.0
2004-07-30,18068.0
2004-08-02,18124.0
2004-08-03,18182.0
2004-08-04,18157.0
2004-08-05,18050.0
2004-08-06,18101.0
2004-08-09,18110.0
2004-08-10,18144.0
2004-08-11,18140.0
2004-08-12,18156.0
2004-08-13,18064.0
2004-08-17,18083.0
2004-08-18,18121.0
2004-08-19,18142.0
2004-08-20,17999.0
2004-08-23,17983.0
2004-08-24,17958.0
2004-08-25,17979.0
2004-08-26,17992.0
2004-08-27,17965.0
2004-08-30,18007.0
2004-08-31,18076.0
2004-09-01,18084.0
2004-09-02,18096.0
2004-09-03,18104.0
2004-09-06,18102.0
2004-09-07,18149.0
2004-09-08,18209.0
2004-09-09,18248.0
2004-09-10,18291.0
2004-09-13,18364.0
2004-09-14,18394.0
2004-09-15,18285.0
2004-09-16,18329.0
2004-09-17,18354.0
2004-09-20,18070.0
2004-09-21,18094.0
2004-09-22,18071.0
2004-09-23,18139.0
2004-09-24,18147.0
2004-09-27,18178.0
2004-09-28,18121.0
2004-09-29,18150.0
2004-09-30,18224.0
2004-10-01,18277.0
2004-10-04,18287.0
2004-10-05,18325.0
2004-10-06,18303.0
2004-10-07,18370.0
2004-10-08,18344.0
2004-10-12,18395.0
2004-10-13,18347.0
2004-10-14,18399.0
2004-10-15,18255.0
2004-10-18,18250.0
2004-10-19,18298.0
2004-10-20,18368.0
2004-10-21,18419.0
2004-10-22,18463.0
2004-10-25,18503.0
2004-10-26,18536.0
2004-10-27,18541.0
2004-10-28,18576.0
2004-10-29,18587.0
2004-11-01,18575.0
2004-11-02,18591.0
2004-11-03,18640.0
2004-11-04,18551.0
2004-11-05,18615.0
2004-11-08,18629.0
2004-11-09,18654.0
2004-11-10,18649.0
2004-11-11,18633.0
2004-11-12,18716.0
2004-11-15,18666.0
2004-11-16,18691.0
2004-11-17,18744.0
2004-11-18,18748.0
2004-11-19,18786.0
2004-11-22,18701.0
2004-11-23,18757.0
2004-11-24,18807.0
2004-11-25,18821.0
2004-11-26,18850.0
2004-11-29,18890.0
2004-11-30,18944.0
2004-12-01,19041.0
2004-12-02,19091.0
2004-12-03,19190.0
2004-12-06,19257.0
2004-12-07,19245.0
2004-12-09,19088.0
2004-12-10,19126.0
2004-12-13,19208.0
2004-12-14,19261.0
2004-12-15,19326.0
2004-12-16,19404.0
2004-12-17,19445.0
2004-12-20,19194.0
2004-12-21,19262.0
2004-12-22,19290.0
2004-12-23,19383.0
2004-12-24,19417.0
2004-12-27,19522.0
2004-12-28,19517.0
2004-12-29,19498.0
2004-12-30,19595.0
2004-12-31,19646.0
2005-01-03,19648.0
2005-01-04,19641.0
2005-01-05,19686.0
2005-01-06,19643.0
2005-01-07,19688.0
2005-01-10,19733.0
2005-01-11,19796.0
2005-01-12,19847.0
2005-01-13,19918.0
2005-01-14,19795.0
2005-01-17,19819.0
2005-01-18,19814.0
2005-01-19,19812.0
2005-01-20,19813.0
2005-01-21,19889.0
2005-01-24,19940.0
2005-01-25,19986.0
2005-01-26,20067.0
2005-01-27,20088.0
2005-01-28,20090.0
2005-01-31,20137.0
2005-02-01,20221.0
2005-02-02,20330.0
2005-02-03,20322.0
2005-02-04,20182.0
2005-02-07,20202.0
2005-02-08,20394.0
2005-02-09,20409.0
2005-02-10,20475.0
2005-02-11,20514.0
2005-02-14,20589.0
2005-02-15,20499.0
2005-02-16,20545.0
2005-02-17,20662.0
2005-02-18,20776.0
2005-02-21,20776.0
2005-02-22,20601.0
2005-02-23,20651.0
2005-02-24,20693.0
2005-02-25,20720.0
2005-02-28,20792.0
2005-03-01,20795.0
2005-03-02,20803.0
2005-03-03,20901.0
2005-03-04,20996.0
2005-03-07,21035.0
2005-03-08,21106.0
2005-03-09,20879.0
2005-03-10,20911.0
2005-03-11,21044.0
2005-03-14,21097.0
2005-03-15,21075.0
2005-03-16,21035.0
2005-03-17,21030.0
2005-03-18,20788.0
2005-03-21,20729.0
2005-03-22,20384.0
2005-03-23,20350.0
2005-03-28,20236.0
2005-03-29,20173.0
2005-03-30,20223.0
2005-03-31,20339.0
2005-04-01,20388.0
2005-04-04,20407.0
2005-04-05,20385.0
2005-04-06,20453.0
2005-04-07,20469.0
2005-04-08,20457.0
2005-04-11,20530.0
2005-04-12,20558.0
2005-04-13,20594.0
2005-04-14,20602.0
2005-04-15,20550.0
2005-04-18,20639.0
2005-04-19,20710.0
2005-04-20,20804.0
2005-04-21,20823.0
2005-04-22,20785.0
2005-04-25,20788.0
2005-04-26,20789.0
2005-04-27,20793.0
2005-04-28,20855.0
2005-04-29,20904.0
2005-05-02,20971.0
2005-05-03,21034.0
2005-05-04,21109.0
2005-05-05,21051.0
2005-05-06,21145.0
2005-05-09,21243.0
2005-05-10,21331.0
2005-05-11,21508.0
2005-05-12,21580.0
2005-05-13,21657.0
2005-05-16,21660.0
2005-05-17,21715.0
2005-05-18,21826.0
2005-05-19,21889.0
2005-05-20,21760.0
2005-05-23,21865.0
2005-05-24,21988.0
2005-05-26,21971.0
2005-05-27,22058.0
2005-05-30,22058.0
2005-05-31,22103.0
2005-06-01,22257.0
2005-06-02,21986.0
2005-06-03,22172.0
2005-06-06,22192.0
2005-06-07,22299.0
2005-06-08,22444.0
2005-06-09,22300.0
2005-06-10,22346.0
2005-06-13,22415.0
2005-06-14,22475.0
2005-06-15,22593.0
2005-06-16,22701.0
2005-06-17,22508.0
2005-06-21,22580.0
2005-06-22,22718.0
2005-06-23,22900.0
2005-06-24,22998.0
2005-06-27,23133.0
2005-06-28,23155.0
2005-06-29,23003.0
2005-06-30,23052.0
2005-07-01,23127.0
2005-07-04,23128.0
2005-07-05,23130.0
2005-07-06,23206.0
2005-07-07,23300.0
2005-07-08,23466.0
2005-07-11,23485.0
2005-07-12,23776.0
2005-07-13,23743.0
2005-07-14,23974.0
2005-07-15,23943.0
2005-07-18,23958.0
2005-07-19,24017.0
2005-07-20,24136.0
2005-07-21,24614.0
2005-07-22,24668.0
2005-07-25,24685.0
2005-07-26,24757.0
2005-07-27,24785.0
2005-07-28,24841.0
2005-07-29,25105.0
2005-08-01,25151.0
2005-08-02,25238.0
2005-08-03,25450.0
2005-08-04,24820.0
2005-08-05,24624.0
2005-08-08,24837.0
2005-08-09,24947.0
2005-08-10,25100.0
2005-08-11,25219.0
2005-08-12,25086.0
2005-08-16,25130.0
2005-08-17,25151.0
2005-08-18,25191.0
2005-08-19,25171.0
2005-08-22,25090.0
2005-08-23,25104.0
2005-08-24,25086.0
2005-08-25,25150.0
2005-08-26,25161.0
2005-08-29,25173.0
2005-08-30,25174.0
2005-08-31,25252.0
2005-09-01,25370.0
2005-09-02,25509.0
2005-09-05,25515.0
2005-09-06,25554.0
2005-09-07,25715.0
2005-09-08,25765.0
2005-09-09,25643.0
2005-09-12,25634.0
2005-09-13,25664.0
2005-09-14,25707.0
2005-09-15,25623.0
2005-09-16,25690.0
2005-09-19,25694.0
2005-09-20,25434.0
2005-09-21,25456.0
2005-09-22,25491.0
2005-09-23,25507.0
2005-09-26,25514.0
2005-09-27,25558.0
2005-09-28,25563.0
2005-09-29,25506.0
2005-09-30,25614.0
2005-10-03,25821.0
2005-10-04,25878.0
2005-10-05,25927.0
2005-10-06,26043.0
2005-10-07,26105.0
2005-10-11,26088.0
2005-10-12,26094.0
2005-10-13,26106.0
2005-10-14,26168.0
2005-10-17,25924.0
2005-10-18,26002.0
2005-10-19,25979.0
2005-10-20,26003.0
2005-10-21,26041.0
2005-10-24,26003.0
2005-10-25,26077.0
2005-10-26,26119.0
2005-10-27,26133.0
2005-10-28,26143.0
2005-10-31,26548.0
2005-11-01,26511.0
2005-11-02,26536.0
2005-11-03,26525.0
2005-11-04,26322.0
2005-11-07,26320.0
2005-11-08,26429.0
2005-11-09,26472.0
2005-11-10,26508.0
2005-11-11,26491.0
2005-11-14,26493.0
2005-11-15,26473.0
2005-11-16,26579.0
2005-11-17,26570.0
2005-11-18,26566.0
2005-11-21,26638.0
2005-11-22,26543.0
2005-11-23,26546.0
2005-11-24,26549.0
2005-11-25,26549.0
2005-11-28,26494.0
2005-11-29,26531.0
2005-11-30,26525.0
2005-12-01,26584.0
2005-12-02,26577.0
2005-12-05,26652.0
2005-12-06,26673.0
2005-12-07,26705.0
2005-12-09,26700.0
2005-12-12,26709.0
2005-12-13,26704.0
2005-12-14,26830.0
2005-12-15,26896.0
2005-12-16,27438.0
2005-12-19,27523.0
2005-12-20,27352.0
2005-12-21,27640.0
2005-12-22,27759.0
2005-12-23,27947.0
2005-12-26,27952.0
2005-12-27,28089.0
2005-12-28,28104.0
2005-12-29,28120.0
2005-12-30,28077.0
2005-12-31,28077.0
2006-01-02,28078.0
2006-01-03,18580.0
2006-01-04,18578.0
2006-01-05,18625.0
2006-01-06,18735.0
2006-01-09,18753.0
2006-01-10,18788.0
2006-01-11,18812.0
2006-01-12,18824.0
2006-01-13,18860.0
2006-01-16,18876.0
2006-01-17,18847.0
2006-01-18,18893.0
2006-01-19,18977.0
2006-01-20,18992.0
2006-01-23,19085.0
2006-01-24,19418.0
2006-01-25,19428.0
2006-01-26,19494.0
2006-01-27,19548.0
2006-01-30,19610.0
2006-01-31,19689.0
2006-02-01,19968.0
2006-02-02,19994.0
2006-02-03,19886.0
2006-02-06,19838.0
2006-02-07,19879.0
2006-02-08,19884.0
2006-02-09,19910.0
2006-02-10,19917.0
2006-02-13,19959.0
2006-02-14,20049.0
2006-02-15,19608.0
2006-02-16,19706.0
2006-02-17,20059.0
2006-02-20,20068.0
2006-02-21,20134.0
2006-02-22,20238.0
2006-02-23,20283.0
2006-02-24,20505.0
2006-02-27,20495.0
2006-02-28,20532.0
2006-03-01,20570.0
2006-03-02,20643.0
2006-03-03,20586.0
2006-03-06,20627.0
2006-03-07,20709.0
2006-03-08,20701.0
2006-03-09,20756.0
2006-03-10,20711.0
2006-03-13,20717.0
2006-03-14,20712.0
2006-03-15,20730.0
2006-03-16,20715.0
2006-03-17,20817.0
2006-03-20,20882.0
2006-03-21,20917.0
2006-03-22,20947.0
2006-03-23,20956.0
2006-03-27,21233.0
2006-03-28,21423.0
2006-03-29,21523.0
2006-03-30,21533.0
2006-03-31,21549.0
2006-04-03,21562.0
2006-04-04,21602.0
2006-04-05,21665.0
2006-04-06,21728.0
2006-04-07,21708.0
2006-04-10,21769.0
2006-04-11,21835.0
2006-04-12,21651.0
2006-04-17,21622.0
2006-04-18,21792.0
2006-04-19,21889.0
2006-04-20,21894.0
2006-04-21,22007.0
2006-04-24,22074.0
2006-04-25,22200.0
2006-04-26,22307.0
2006-04-27,22333.0
2006-04-28,22400.0
2006-05-02,22515.0
2006-05-03,22565.0
2006-05-04,22667.0
2006-05-05,23159.0
2006-05-08,23328.0
2006-05-09,23472.0
2006-05-10,23553.0
2006-05-11,23677.0
2006-05-12,23904.0
2006-05-15,23854.0
2006-05-16,23937.0
2006-05-17,23937.0
2006-05-18,23994.0
2006-05-19,23987.0
2006-05-22,24015.0
2006-05-23,24183.0
2006-05-24,24089.0
2006-05-26,24163.0
2006-05-29,24165.0
2006-05-30,24194.0
2006-05-31,24162.0
2006-06-01,24110.0
2006-06-02,24258.0
2006-06-05,24320.0
2006-06-06,24277.0
2006-06-07,24552.0
2006-06-08,24508.0
2006-06-09,24574.0
2006-06-12,24803.0
2006-06-13,24763.0
2006-06-14,24772.0
2006-06-15,24898.0
2006-06-16,24988.0
2006-06-20,25044.0
2006-06-21,25144.0
2006-06-22,25174.0
2006-06-23,25238.0
2006-06-26,25309.0
2006-06-27,25326.0
2006-06-28,25281.0
2006-06-29,25184.0
2006-06-30,25490.0
2006-07-03,25681.0
2006-07-04,25687.0
2006-07-05,25799.0
2006-07-06,25894.0
2006-07-07,25999.0
2006-07-10,26003.0
2006-07-11,26112.0
2006-07-12,26075.0
2006-07-13,26076.0
2006-07-14,26077.0
2006-07-17,26056.0
2006-07-18,26088.0
2006-07-19,26124.0
2006-07-20,26179.0
2006-07-21,26203.0
2006-07-24,26160.0
2006-07-25,26203.0
2006-07-26,26238.0
2006-07-27,26233.0
2006-07-28,26214.0
2006-07-31,26223.0
2006-08-01,26248.0
2006-08-02,26129.0
2006-08-03,27020.0
2006-08-04,26861.0
2006-08-07,26943.0
2006-08-08,26970.0
2006-08-09,27075.0
2006-08-10,26910.0
2006-08-11,27010.0
2006-08-14,26983.0
2006-08-15,26838.0
2006-08-16,27028.0
2006-08-17,27052.0
2006-08-18,26976.0
2006-08-22,27188.0
2006-08-23,27259.0
2006-08-24,27300.0
2006-08-25,27347.0
2006-08-28,27222.0
2006-08-29,27245.0
2006-08-30,27367.0
2006-08-31,27397.0
2006-09-01,27410.0
2006-09-04,27414.0
2006-09-05,27459.0
2006-09-06,27493.0
2006-09-07,27472.0
2006-09-08,27539.0
2006-09-11,27553.0
2006-09-12,27593.0
2006-09-13,27607.0
2006-09-14,27723.0
2006-09-15,27774.0
2006-09-18,27835.0
2006-09-19,27860.0
2006-09-20,27922.0
2006-09-21,27905.0
2006-09-22,27933.0
2006-09-25,27984.0
2006-09-26,28026.0
2006-09-27,28132.0
2006-09-28,28146.0
2006-09-29,28048.0
2006-10-02,28084.0
2006-10-03,28099.0
2006-10-04,28136.0
2006-10-05,28169.0
2006-10-06,28204.0
2006-10-09,28191.0
2006-10-10,28231.0
2006-10-11,28233.0
2006-10-12,28323.0
2006-10-13,28226.0
2006-10-17,28241.0
2006-10-18,28213.0
2006-10-19,28409.0
2006-10-20,28434.0
2006-10-23,28503.0
2006-10-24,28665.0
2006-10-25,28636.0
2006-10-26,28720.0
2006-10-27,28761.0
2006-10-30,28994.0
2006-10-31,29082.0
2006-11-01,29097.0
2006-11-02,29226.0
2006-11-03,29237.0
2006-11-07,29396.0
2006-11-08,29505.0
2006-11-09,29594.0
2006-11-10,29626.0
2006-11-13,29685.0
2006-11-14,29748.0
2006-11-15,29806.0
2006-11-16,29813.0
2006-11-17,29852.0
2006-11-20,29946.0
2006-11-21,30004.0
2006-11-22,30083.0
2006-11-23,30079.0
2006-11-24,30141.0
2006-11-27,30185.0
2006-11-28,30252.0
2006-11-29,30247.0
2006-11-30,30328.0
2006-12-01,30391.0
2006-12-04,30421.0
2006-12-05,30555.0
2006-12-06,30624.0
2006-12-07,30918.0
2006-12-11,30959.0
2006-12-12,31031.0
2006-12-13,31039.0
2006-12-14,31094.0
2006-12-15,31065.0
2006-12-18,31156.0
2006-12-19,31196.0
2006-12-20,31331.0
2006-12-21,31424.0
2006-12-22,31511.0
2006-12-26,31580.0
2006-12-27,31714.0
2006-12-28,31863.0
2006-12-29,32037.0
2007-01-02,32124.0
2007-01-03,32208.0
2007-01-04,32256.0
2007-01-05,32299.0
2007-01-08,32350.0
2007-01-09,32408.0
2007-01-10,32478.0
2007-01-11,32565.0
2007-01-12,32697.0
2007-01-15,32720.0
2007-01-16,32790.0
2007-01-17,32867.0
2007-01-18,32901.0
2007-01-19,33007.0
2007-01-22,33064.0
2007-01-23,33169.0
2007-01-24,33253.0
2007-01-25,33375.0
2007-01-26,33414.0
2007-01-29,33502.0
2007-01-30,33592.0
2007-01-31,33739.0
2007-02-01,33781.0
2007-02-02,33848.0
2007-02-05,34100.0
2007-02-06,33910.0
2007-02-07,33958.0
2007-02-08,34041.0
2007-02-09,34035.0
2007-02-12,34045.0
2007-02-13,34043.0
2007-02-14,34107.0
2007-02-15,34129.0
2007-02-16,34232.0
2007-02-19,34239.0
2007-02-20,34303.0
2007-02-21,34401.0
2007-02-22,34519.0
2007-02-23,34637.0
2007-02-26,34734.0
2007-02-27,34813.0
2007-02-28,34936.0
2007-03-01,34998.0
2007-03-02,35070.0
2007-03-05,35107.0
2007-03-06,35201.0
2007-03-07,35260.0
2007-03-08,35361.0
2007-03-09,35463.0
2007-03-12,35544.0
2007-03-13,35604.0
2007-03-14,35699.0
2007-03-15,35840.0
2007-03-16,36009.0
2007-03-19,36041.0
2007-03-20,36127.0
2007-03-21,36190.0
2007-03-22,36272.0
2007-03-23,36382.0
2007-03-26,36486.0
2007-03-27,36570.0
2007-03-28,36644.0
2007-03-29,36739.0
2007-03-30,36849.0
2007-04-03,36894.0
2007-04-04,37002.0
2007-04-09,37104.0
2007-04-10,37204.0
2007-04-11,37292.0
2007-04-12,37429.0
2007-04-13,37509.0
2007-04-16,37601.0
2007-04-17,37744.0
2007-04-18,37862.0
2007-04-19,37921.0
2007-04-20,38000.0
2007-04-23,38110.0
2007-04-24,38234.0
2007-04-25,38333.0
2007-04-26,38383.0
2007-04-27,38483.0
2007-04-30,38606.0
2007-05-02,38733.0
2007-05-03,38760.0
2007-05-04,38844.0
2007-05-07,38989.0
2007-05-08,39115.0
2007-05-09,39224.0
2007-05-10,39290.0
2007-05-11,39369.0
2007-05-14,39478.0
2007-05-15,39612.0
2007-05-16,39700.0
2007-05-17,39825.0
2007-05-18,39896.0
2007-05-21,39967.0
2007-05-22,40069.0
2007-05-23,40181.0
2007-05-24,40263.0
2007-05-28,40279.0
2007-05-29,40372.0
2007-05-30,40448.0
2007-05-31,40581.0
2007-06-01,40694.0
2007-06-04,40805.0
2007-06-05,41005.0
2007-06-06,41086.0
2007-06-07,41146.0
2007-06-08,41206.0
2007-06-11,41356.0
2007-06-12,41609.0
2007-06-13,41724.0
2007-06-14,41889.0
2007-06-15,42079.0
2007-06-19,42230.0
2007-06-20,42471.0
2007-06-21,42605.0
2007-06-22,42731.0
2007-06-25,42809.0
2007-06-26,42873.0
2007-06-27,42958.0
2007-06-28,43040.0
2007-06-29,43157.0
2007-07-02,43313.0
2007-07-03,43390.0
2007-07-04,43390.0
2007-07-05,43437.0
2007-07-06,43513.0
2007-07-10,43597.0
2007-07-11,43696.0
2007-07-12,43800.0
2007-07-13,43891.0
2007-07-16,43936.0
2007-07-17,44004.0
2007-07-18,44058.0
2007-07-19,44104.0
2007-07-20,44181.0
2007-07-23,44234.0
2007-07-24,44234.0
2007-07-25,44190.0
2007-07-26,44186.0
2007-07-27,44186.0
2007-07-30,44189.0
2007-07-31,44202.0
2007-08-01,44153.0
2007-08-02,44159.0
2007-08-03,44002.0
2007-08-06,43871.0
2007-08-07,43901.0
2007-08-08,43901.0
2007-08-09,43885.0
2007-08-10,43918.0
2007-08-13,43904.0
2007-08-14,43907.0
2007-08-15,43759.0
2007-08-16,43675.0
2007-08-17,43722.0
2007-08-21,43687.0
2007-08-22,43714.0
2007-08-23,43692.0
2007-08-24,43539.0
2007-08-27,43402.0
2007-08-28,43265.0
2007-08-29,43232.0
2007-08-30,43123.0
2007-08-31,43160.0
2007-09-03,43170.0
2007-09-04,43100.0
2007-09-05,43022.0
2007-09-06,43008.0
2007-09-07,42997.0
2007-09-10,42981.0
2007-09-11,43020.0
2007-09-12,43061.0
2007-09-13,43060.0
2007-09-14,43020.0
2007-09-17,42789.0
2007-09-18,42835.0
2007-09-19,42826.0
2007-09-20,42868.0
2007-09-21,42769.0
2007-09-24,42696.0
2007-09-25,42739.0
2007-09-26,42669.0
2007-09-27,42749.0
2007-09-28,42891.0
2007-10-01,42774.0
2007-10-02,42691.0
2007-10-03,42618.0
2007-10-04,42501.0
2007-10-05,42700.0
2007-10-08,42682.0
2007-10-09,42609.0
2007-10-10,42621.0
2007-10-11,42620.0
2007-10-12,42518.0
2007-10-16,42550.0
2007-10-17,42532.0
2007-10-18,42611.0
2007-10-19,42624.0
2007-10-22,42588.0
2007-10-23,42976.0
2007-10-24,42932.0
2007-10-25,42972.0
2007-10-26,43032.0
2007-10-29,42984.0
2007-10-30,43025.0
2007-10-31,43000.0
2007-11-01,42987.0
2007-11-02,43129.0
2007-11-05,43131.0
2007-11-07,43268.0
2007-11-08,43304.0
2007-11-09,43401.0
2007-11-12,43416.0
2007-11-13,43436.0
2007-11-14,43515.0
2007-11-15,43481.0
2007-11-16,43615.0
2007-11-19,44020.0
2007-11-20,44180.0
2007-11-21,44388.0
2007-11-22,44407.0
2007-11-23,44440.0
2007-11-26,44535.0
2007-11-27,44585.0
2007-11-28,44618.0
2007-11-29,44752.0
2007-11-30,44860.0
2007-12-03,44985.0
2007-12-04,45121.0
2007-12-05,45192.0
2007-12-06,45321.0
2007-12-07,45511.0
2007-12-10,45566.0
2007-12-11,45646.0
2007-12-12,45721.0
2007-12-13,45744.0
2007-12-14,45722.0
2007-12-17,45727.0
2007-12-18,45834.0
2007-12-19,45862.0
2007-12-20,45905.0
2007-12-21,46025.0
2007-12-26,46068.0
2007-12-27,46095.0
2007-12-28,46166.0
2008-01-02,46292.0
2008-01-03,46357.0
2008-01-04,46362.0
2008-01-07,46520.0
2008-01-08,46594.0
2008-01-09,46564.0
2008-01-10,46686.0
2008-01-11,46748.0
2008-01-14,46934.0
2008-01-15,46929.0
2008-01-16,46987.0
2008-01-17,47042.0
2008-01-18,47009.0
2008-01-21,47029.0
2008-01-22,47076.0
2008-01-23,47158.0
2008-01-24,47313.0
2008-01-25,47341.0
2008-01-28,47483.0
2008-01-29,47491.0
2008-01-30,47540.0
2008-01-31,47660.0
2008-02-01,47755.0
2008-02-04,47918.0
2008-02-05,47903.0
2008-02-06,48004.0
2008-02-07,48037.0
2008-02-08,48090.0
2008-02-11,48159.0
2008-02-12,48217.0
2008-02-13,48261.0
2008-02-14,48342.0
2008-02-15,48403.0
2008-02-18,48407.0
2008-02-19,48524.0
2008-02-20,48544.0
2008-02-21,48688.0
2008-02-22,48857.0
2008-02-25,48935.0
2008-02-26,49034.0
2008-02-27,49104.0
2008-02-28,49161.0
2008-02-29,49261.0
2008-03-03,49338.0
2008-03-04,49369.0
2008-03-05,49479.0
2008-03-06,49506.0
2008-03-07,49599.0
2008-03-10,49714.0
2008-03-11,49814.0
2008-03-12,50037.0
2008-03-13,50038.0
2008-03-14,50067.0
2008-03-17,50239.0
2008-03-18,50412.0
2008-03-19,50391.0
2008-03-25,50475.0
2008-03-26,50502.0
2008-03-27,50517.0
2008-03-28,50481.0
2008-03-31,50464.0
2008-04-01,50426.0
2008-04-03,50456.0
2008-04-04,50396.0
2008-04-07,50473.0
2008-04-08,50388.0
2008-04-09,50395.0
2008-04-10,50358.0
2008-04-11,50391.0
2008-04-14,50476.0
2008-04-15,50386.0
2008-04-16,50415.0
2008-04-17,50399.0
2008-04-18,50260.0
2008-04-21,50262.0
2008-04-22,50263.0
2008-04-23,50280.0
2008-04-24,50275.0
2008-04-25,50169.0
2008-04-28,50169.0
2008-04-29,50152.0
2008-04-30,50247.0
2008-05-02,50201.0
2008-05-05,50213.0
2008-05-06,50202.0
2008-05-07,50199.0
2008-05-08,50223.0
2008-05-09,50175.0
2008-05-12,50051.0
2008-05-13,49705.0
2008-05-14,49400.0
2008-05-15,49181.0
2008-05-16,49096.0
2008-05-19,48958.0
2008-05-20,48840.0
2008-05-21,48844.0
2008-05-22,49021.0
2008-05-23,49005.0
2008-05-26,49038.0
2008-05-27,48822.0
2008-05-28,48737.0
2008-05-29,48626.0
2008-05-30,48588.0
2008-06-02,48514.0
2008-06-03,48485.0
2008-06-04,48411.0
2008-06-05,48369.0
2008-06-06,48317.0
2008-06-09,48178.0
2008-06-10,48068.0
2008-06-11,48003.0
2008-06-12,47929.0
2008-06-13,47709.0
2008-06-17,47696.0
2008-06-18,47632.0
2008-06-19,47644.0
2008-06-20,47701.0
2008-06-23,47668.0
2008-06-24,47680.0
2008-06-25,47754.0
2008-06-26,47731.0
2008-06-27,47598.0
2008-06-30,47516.0
2008-07-01,47524.0
2008-07-02,47549.0
2008-07-03,47518.0
2008-07-04,47497.0
2008-07-07,47544.0
2008-07-08,47531.0
2008-07-10,47572.0
2008-07-11,47603.0
2008-07-14,47633.0
2008-07-15,47637.0
2008-07-16,47683.0
2008-07-17,47676.0
2008-07-18,47650.0
2008-07-21,47649.0
2008-07-22,47627.0
2008-07-23,47616.0
2008-07-24,47676.0
2008-07-25,47650.0
2008-07-28,47644.0
2008-07-29,47670.0
2008-07-30,47588.0
2008-07-31,47545.0
2008-08-01,47692.0
2008-08-04,47651.0
2008-08-05,47615.0
2008-08-06,47595.0
2008-08-07,47535.0
2008-08-08,47461.0
2008-08-11,47415.0
2008-08-12,47423.0
2008-08-13,47452.0
2008-08-14,47364.0
2008-08-15,46978.0
2008-08-19,47079.0
2008-08-20,47165.0
2008-08-21,47252.0
2008-08-22,47204.0
2008-08-25,47180.0
2008-08-26,47114.0
2008-08-27,47097.0
2008-08-28,47122.0
2008-08-29,47090.0
2008-09-01,47081.0
2008-09-02,47088.0
2008-09-03,47035.0
2008-09-04,46974.0
2008-09-05,47068.0
2008-09-08,47001.0
2008-09-09,47096.0
2008-09-10,47062.0
2008-09-11,46963.0
2008-09-12,46964.0
2008-09-15,47053.0
2008-09-16,47001.0
2008-09-17,47085.0
2008-09-18,47070.0
2008-09-19,47106.0
2008-09-22,47099.0
2008-09-23,47157.0
2008-09-24,47040.0
2008-09-25,47199.0
2008-09-26,47171.0
2008-09-29,47115.0
2008-09-30,47121.0
2008-10-01,47152.0
2008-10-02,47126.0
2008-10-03,47064.0
2008-10-06,47019.0
2008-10-07,46994.0
2008-10-08,47035.0
2008-10-09,46973.0
2008-10-10,46528.0
2008-10-14,46765.0
2008-10-15,46980.0
2008-10-16,46922.0
2008-10-17,46859.0
2008-10-20,46787.0
2008-10-21,46773.0
2008-10-22,46708.0
2008-10-23,46708.0
2008-10-24,46383.0
2008-10-27,46136.0
2008-10-28,45815.0
2008-10-29,45554.0
2008-10-30,45436.0
2008-10-31,44941.0
2008-11-03,44973.0
2008-11-04,45031.0
2008-11-05,45183.0
2008-11-07,45189.0
2008-11-10,45443.0
2008-11-11,45483.0
2008-11-12,45526.0
2008-11-13,45587.0
2008-11-14,45807.0
2008-11-17,46000.0
2008-11-18,45991.0
2008-11-19,45922.0
2008-11-20,45970.0
2008-11-21,46059.0
2008-11-24,46102.0
2008-11-25,46115.0
2008-11-26,46059.0
2008-11-27,46075.0
2008-11-28,46072.0
2008-12-01,46066.0
2008-12-02,46109.0
2008-12-03,46084.0
2008-12-04,46090.0
2008-12-05,46054.0
2008-12-09,46270.0
2008-12-10,46239.0
2008-12-11,46131.0
2008-12-12,45876.0
2008-12-15,45906.0
2008-12-16,45997.0
2008-12-17,46235.0
2008-12-18,46242.0
2008-12-19,46297.0
2008-12-22,46363.0
2008-12-23,46389.0
2008-12-24,46374.0
2008-12-26,46407.0
2008-12-29,46577.0
2008-12-30,46362.0
2008-12-31,46386.0
2009-01-02,46408.0
2009-01-05,46273.0
2009-01-06,46331.0
2009-01-07,46456.0
2009-01-08,46567.0
2009-01-09,46669.0
2009-01-12,46660.0
2009-01-13,46755.0
2009-01-14,46803.0
2009-01-15,46824.0
2009-01-16,46967.0
2009-01-19,46964.0
2009-01-20,46993.0
2009-01-21,46951.0
2009-01-22,47006.0
2009-01-23,47026.0
2009-01-26,47048.0
2009-01-27,47058.0
2009-01-28,47062.0
2009-01-29,47105.0
2009-01-30,47009.0
2009-02-02,47044.0
2009-02-03,47034.0
2009-02-04,47029.0
2009-02-05,47035.0
2009-02-06,47027.0
2009-02-09,47041.0
2009-02-10,47051.0
2009-02-11,47067.0
2009-02-12,47122.0
2009-02-13,47169.0
2009-02-16,47157.0
2009-02-17,47036.0
2009-02-18,47025.0
2009-02-19,47034.0
2009-02-20,47047.0
2009-02-23,47065.0
2009-02-24,47053.0
2009-02-25,47049.0
2009-02-26,46995.0
2009-02-27,47025.0
2009-03-02,47040.0
2009-03-03,47024.0
2009-03-04,47009.0
2009-03-05,46983.0
2009-03-06,46964.0
2009-03-09,46796.0
2009-03-10,46988.0
2009-03-11,46960.0
2009-03-12,46943.0
2009-03-13,46972.0
2009-03-16,47004.0
2009-03-17,46972.0
2009-03-18,47002.0
2009-03-19,47055.0
2009-03-20,47025.0
2009-03-23,46943.0
2009-03-25,46952.0
2009-03-26,46926.0
2009-03-27,46822.0
2009-03-30,46514.0
2009-03-31,46509.0
2009-04-01,46390.0
2009-04-03,46224.0
2009-04-06,46106.0
2009-04-07,46062.0
2009-04-08,46071.0
2009-04-13,46270.0
2009-04-14,46334.0
2009-04-15,46217.0
2009-04-16,46352.0
2009-04-17,46247.0
2009-04-20,46274.0
2009-04-21,46269.0
2009-04-22,46346.0
2009-04-23,46410.0
2009-04-24,46405.0
2009-04-27,46425.0
2009-04-28,46459.0
2009-04-29,46392.0
2009-04-30,46368.0
2009-05-04,46472.0
2009-05-05,46445.0
2009-05-06,46446.0
2009-05-07,46492.0
2009-05-08,46503.0
2009-05-11,46462.0
2009-05-12,46483.0
2009-05-13,46555.0
2009-05-14,46612.0
2009-05-15,46516.0
2009-05-18,46533.0
2009-05-19,46661.0
2009-05-20,46720.0
2009-05-21,46742.0
2009-05-22,46730.0
2009-05-26,46725.0
2009-05-27,46656.0
2009-05-28,46524.0
2009-05-29,46545.0
2009-06-01,46502.0
2009-06-02,46484.0
2009-06-03,46485.0
2009-06-04,46487.0
2009-06-05,46351.0
2009-06-08,46339.0
2009-06-09,46406.0
2009-06-10,46411.0
2009-06-11,46600.0
2009-06-12,46485.0
2009-06-16,46469.0
2009-06-17,46398.0
2009-06-18,46492.0
2009-06-19,46489.0
2009-06-22,46435.0
2009-06-23,46436.0
2009-06-24,46365.0
2009-06-25,46292.0
2009-06-26,46167.0
2009-06-29,45966.0
2009-06-30,46026.0
2009-07-01,46035.0
2009-07-02,45833.0
2009-07-03,45934.0
2009-07-06,45966.0
2009-07-07,45972.0
2009-07-08,45772.0
2009-07-13,45978.0
2009-07-14,45979.0
2009-07-15,45983.0
2009-07-16,46019.0
2009-07-17,46068.0
2009-07-20,46137.0
2009-07-21,46123.0
2009-07-22,46092.0
2009-07-23,46144.0
2009-07-24,46109.0
2009-07-27,46126.0
2009-07-28,46071.0
2009-07-29,46066.0
2009-07-30,46023.0
2009-07-31,46047.0
2009-08-03,44685.0
2009-08-04,44547.0
2009-08-05,44592.0
2009-08-06,44492.0
2009-08-07,44496.0
2009-08-10,44562.0
2009-08-11,44597.0
2009-08-12,44653.0
2009-08-13,44809.0
2009-08-14,44795.0
2009-08-18,44738.0
2009-08-19,44794.0
2009-08-20,44794.0
2009-08-21,44905.0
2009-08-24,44931.0
2009-08-25,44909.0
2009-08-26,44884.0
2009-08-27,44907.0
2009-08-28,44994.0
2009-08-31,45021.0
2009-09-01,45047.0
2009-09-02,45061.0
2009-09-03,45075.0
2009-09-04,45130.0
2009-09-07,45130.0
2009-09-08,45091.0
2009-09-09,45193.0
2009-09-10,45187.0
2009-09-11,45134.0
2009-09-14,45112.0
2009-09-15,45132.0
2009-09-16,45189.0
2009-09-17,45151.0
2009-09-18,45175.0
2009-09-21,45207.0
2009-09-22,45312.0
2009-09-23,45290.0
2009-09-24,45384.0
2009-09-25,45322.0
2009-09-28,45282.0
2009-09-29,45309.0
2009-09-30,45348.0
2009-10-01,45351.0
2009-10-02,45396.0
2009-10-05,45307.0
2009-10-06,45421.0
2009-10-07,45463.0
2009-10-08,45532.0
2009-10-09,45455.0
2009-10-13,45575.0
2009-10-14,45591.0
2009-10-15,45583.0
2009-10-16,45618.0
2009-10-19,45688.0
2009-10-20,45858.0
2009-10-21,45947.0
2009-10-22,46050.0
2009-10-23,46048.0
2009-10-26,46104.0
2009-10-27,46181.0
2009-10-28,46208.0
2009-10-29,46305.0
2009-10-30,46277.0
2009-11-02,46346.0
2009-11-03,46406.0
2009-11-04,46480.0
2009-11-05,46596.0
2009-11-09,46781.0
2009-11-10,46875.0
2009-11-11,46878.0
2009-11-12,46610.0
2009-11-13,46692.0
2009-11-16,46661.0
2009-11-17,46761.0
2009-11-18,46739.0
2009-11-19,46782.0
2009-11-20,47011.0
2009-11-23,47176.0
2009-11-24,47141.0
2009-11-25,47177.0
2009-11-26,47232.0
2009-11-27,47081.0
2009-11-30,47072.0
2009-12-01,47132.0
2009-12-02,47341.0
2009-12-03,47307.0
2009-12-04,47218.0
2009-12-07,47292.0
2009-12-09,47354.0
2009-12-10,47446.0
2009-12-11,47555.0
2009-12-14,47582.0
2009-12-15,47717.0
2009-12-16,47982.0
2009-12-17,47888.0
2009-12-18,47946.0
2009-12-21,47922.0
2009-12-22,48102.0
2009-12-23,48156.0
2009-12-24,48123.0
2009-12-28,48184.0
2009-12-29,48088.0
2009-12-30,47815.0
2009-12-31,47967.0
2010-01-04,48068.0
2010-01-05,47974.0
2010-01-06,48092.0
2010-01-07,48100.0
2010-01-08,48085.0
2010-01-11,48192.0
2010-01-12,48146.0
2010-01-13,48140.0
2010-01-14,48303.0
2010-01-15,48015.0
2010-01-18,48108.0
2010-01-19,48141.0
2010-01-20,48067.0
2010-01-21,48114.0
2010-01-22,48277.0
2010-01-25,48317.0
2010-01-26,48201.0
2010-01-27,48161.0
2010-01-28,48064.0
2010-01-29,48129.0
2010-02-01,48059.0
2010-02-02,48031.0
2010-02-03,48154.0
2010-02-04,47987.0
2010-02-05,48051.0
2010-02-08,47892.0
2010-02-09,48034.0
2010-02-10,48062.0
2010-02-11,48034.0
2010-02-12,48037.0
2010-02-15,48048.0
2010-02-16,48016.0
2010-02-17,48019.0
2010-02-18,47939.0
2010-02-19,47951.0
2010-02-22,47905.0
2010-02-23,47801.0
2010-02-24,47773.0
2010-02-25,47698.0
2010-02-26,47758.0
2010-03-01,47716.0
2010-03-02,47714.0
2010-03-03,47699.0
2010-03-04,47727.0
2010-03-05,47709.0
2010-03-08,47659.0
2010-03-09,47670.0
2010-03-10,47632.0
2010-03-11,47727.0
2010-03-12,47834.0
2010-03-15,47753.0
2010-03-16,47835.0
2010-03-17,47837.0
2010-03-18,47823.0
2010-03-19,47661.0
2010-03-22,47612.0
2010-03-23,47602.0
2010-03-25,47589.0
2010-03-26,47622.0
2010-03-29,47589.0
2010-03-30,47415.0
2010-03-31,47460.0
2010-04-05,47472.0
2010-04-06,47975.0
2010-04-07,47366.0
2010-04-08,47300.0
2010-04-09,47265.0
2010-04-12,47359.0
2010-04-13,47474.0
2010-04-14,47476.0
2010-04-15,47383.0
2010-04-16,47314.0
2010-04-19,47457.0
2010-04-20,47571.0
2010-04-21,47643.0
2010-04-22,47685.0
2010-04-23,47692.0
2010-04-26,47825.0
2010-04-27,47893.0
2010-04-28,47924.0
2010-04-29,48032.0
2010-04-30,48067.0
2010-05-03,48058.0
2010-05-04,48033.0
2010-05-05,47925.0
2010-05-06,47906.0
2010-05-07,48131.0
2010-05-10,48170.0
2010-05-11,48176.0
2010-05-12,48314.0
2010-05-13,48390.0
2010-05-14,48420.0
2010-05-17,48402.0
2010-05-18,48451.0
2010-05-19,48433.0
2010-05-20,48601.0
2010-05-21,48841.0
2010-05-26,48867.0
2010-05-27,48932.0
2010-05-28,48981.0
2010-05-31,49000.0
2010-06-01,48873.0
2010-06-02,48812.0
2010-06-03,48785.0
2010-06-04,48896.0
2010-06-07,48788.0
2010-06-08,48799.0
2010-06-09,48922.0
2010-06-10,48966.0
2010-06-11,49006.0
2010-06-14,48958.0
2010-06-15,49069.0
2010-06-16,49279.0
2010-06-17,49518.0
2010-06-18,49563.0
2010-06-22,49661.0
2010-06-23,49600.0
2010-06-24,49684.0
2010-06-25,49698.0
2010-06-28,49614.0
2010-06-29,49249.0
2010-06-30,49240.0
2010-07-01,49325.0
2010-07-02,49462.0
2010-07-05,49448.0
2010-07-06,49627.0
2010-07-07,49850.0
2010-07-08,50125.0
2010-07-12,50177.0
2010-07-13,50315.0
2010-07-14,50500.0
2010-07-15,50643.0
2010-07-16,50743.0
2010-07-19,50765.0
2010-07-20,50861.0
2010-07-21,50902.0
2010-07-22,50988.0
2010-07-23,50995.0
2010-07-26,51016.0
2010-07-27,51079.0
2010-07-28,51081.0
2010-07-29,51081.0
2010-07-30,51073.0
2010-08-02,51084.0
2010-08-03,49897.0
2010-08-04,49991.0
2010-08-05,50045.0
2010-08-06,49990.0
2010-08-09,50026.0
2010-08-10,50004.0
2010-08-11,49940.0
2010-08-12,50071.0
2010-08-13,50109.0
2010-08-17,50176.0
2010-08-18,50198.0
2010-08-19,50183.0
2010-08-20,50173.0
2010-08-23,50240.0
2010-08-24,50266.0
2010-08-25,50315.0
2010-08-26,50339.0
2010-08-27,50353.0
2010-08-30,50319.0
2010-08-31,50348.0
2010-09-01,50469.0
2010-09-02,50455.0
2010-09-03,50539.0
2010-09-06,50546.0
2010-09-07,50575.0
2010-09-08,50646.0
2010-09-09,50741.0
2010-09-10,50795.0
2010-09-13,50841.0
2010-09-14,50988.0
2010-09-15,51001.0
2010-09-16,51101.0
2010-09-17,51088.0
2010-09-20,51126.0
2010-09-21,51157.0
2010-09-22,51215.0
2010-09-23,51270.0
2010-09-24,51171.0
2010-09-27,51218.0
2010-09-28,51240.0
2010-09-29,51110.0
2010-09-30,51125.0
2010-10-01,51236.0
2010-10-04,51512.0
2010-10-05,51443.0
2010-10-06,51480.0
2010-10-07,51508.0
2010-10-08,51528.0
2010-10-12,51456.0
2010-10-13,51558.0
2010-10-14,51655.0
2010-10-15,51541.0
2010-10-18,51499.0
2010-10-19,51555.0
2010-10-20,51609.0
2010-10-21,51768.0
2010-10-22,51708.0
2010-10-25,51806.0
2010-10-26,51863.0
2010-10-28,51920.0
2010-10-29,51918.0
2010-11-01,52018.0
2010-11-02,52119.0
2010-11-03,52211.0
2010-11-04,52291.0
2010-11-05,52284.0
2010-11-08,52261.0
2010-11-09,52293.0
2010-11-10,52295.0
2010-11-11,52274.0
2010-11-12,52265.0
2010-11-15,52251.0
2010-11-16,52216.0
2010-11-17,52239.0
2010-11-18,52326.0
2010-11-19,52373.0
2010-11-23,52268.0
2010-11-24,52266.0
2010-11-25,52262.0
2010-11-26,52157.0
2010-11-29,51985.0
2010-11-30,51896.0
2010-12-01,51820.0
2010-12-02,51816.0
2010-12-03,51958.0
2010-12-06,51962.0
2010-12-07,51982.0
2010-12-09,51944.0
2010-12-10,51958.0
2010-12-13,52069.0
2010-12-14,52111.0
2010-12-15,52057.0
2010-12-16,52143.0
2010-12-17,52152.0
2010-12-20,52223.0
2010-12-21,52267.0
2010-12-22,52381.0
2010-12-23,52346.0
2010-12-27,52358.0
2010-12-28,52481.0
2010-12-29,52585.0
2010-12-30,52145.0
2011-01-03,52179.0
2011-01-04,52185.0
2011-01-05,52215.0
2011-01-06,52197.0
2011-01-07,52119.0
2011-01-10,52141.0
2011-01-11,52201.0
2011-01-12,52206.0
2011-01-13,52307.0
2011-01-14,52331.0
2011-01-17,52329.0
2011-01-18,52407.0
2011-01-19,52468.0
2011-01-20,52503.0
2011-01-21,52510.0
2011-01-24,52528.0
2011-01-25,52569.0
2011-01-26,52654.0
2011-01-27,52624.0
2011-01-28,52574.0
2011-01-31,52618.0
2011-02-01,52647.0
2011-02-02,52606.0
2011-02-03,52535.0
2011-02-04,52509.0
2011-02-07,52448.0
2011-02-08,52470.0
2011-02-09,52496.0
2011-02-10,52479.0
2011-02-11,52387.0
2011-02-14,52373.0
2011-02-15,52357.0
2011-02-16,52419.0
2011-02-17,52444.0
2011-02-18,52432.0
2011-02-21,52431.0
2011-02-22,52338.0
2011-02-23,52332.0
2011-02-24,52362.0
2011-02-25,52306.0
2011-02-28,52318.0
2011-03-01,52313.0
2011-03-02,52352.0
2011-03-03,52390.0
2011-03-04,52364.0
2011-03-09,52365.0
2011-03-10,52330.0
2011-03-11,52379.0
2011-03-14,52439.0
2011-03-15,52340.0
2011-03-16,52342.0
2011-03-17,52374.0
2011-03-18,52439.0
2011-03-21,52410.0
2011-03-22,52502.0
2011-03-23,52550.0
2011-03-28,51667.0
2011-03-29,51420.0
2011-03-30,51334.0
2011-03-31,51298.0
2011-04-01,51302.0
2011-04-04,51210.0
2011-04-05,51330.0
2011-04-06,51405.0
2011-04-07,51481.0
2011-04-08,51541.0
2011-04-11,51605.0
2011-04-12,51633.0
2011-04-13,51658.0
2011-04-14,51710.0
2011-04-15,51638.0
2011-04-18,51564.0
2011-04-19,51642.0
2011-04-20,51739.0
2011-04-25,51837.0
2011-04-26,52094.0
2011-04-27,51882.0
2011-04-28,51908.0
2011-04-29,52011.0
2011-05-02,51990.0
2011-05-03,52011.0
2011-05-04,51993.0
2011-05-05,51900.0
2011-05-06,51897.0
2011-05-09,51894.0
2011-05-10,51975.0
2011-05-11,51929.0
2011-05-12,52000.0
2011-05-13,52031.0
2011-05-16,52002.0
2011-05-17,51959.0
2011-05-18,51950.0
2011-05-19,51919.0
2011-05-20,51909.0
2011-05-23,51893.0
2011-05-24,51965.0
2011-05-26,52066.0
2011-05-27,52150.0
2011-05-30,52148.0
2011-05-31,52060.0
2011-06-01,52001.0
2011-06-02,52028.0
2011-06-03,52046.0
2011-06-06,52043.0
2011-06-07,52066.0
2011-06-08,52039.0
2011-06-09,52070.0
2011-06-10,52131.0
2011-06-13,52176.0
2011-06-14,52206.0
2011-06-15,52147.0
2011-06-16,52160.0
2011-06-17,52208.0
2011-06-21,52236.0
2011-06-22,52259.0
2011-06-23,52153.0
2011-06-24,52089.0
2011-06-27,52036.0
2011-06-28,52090.0
2011-06-29,51794.0
2011-06-30,51695.0
2011-07-01,51749.0
2011-07-04,51779.0
2011-07-05,51525.0
2011-07-06,51566.0
2011-07-07,51601.0
2011-07-08,51588.0
2011-07-11,51611.0
2011-07-12,51713.0
2011-07-13,51879.0
2011-07-14,52023.0
2011-07-15,52031.0
2011-07-18,52003.0
2011-07-19,51969.0
2011-07-20,51987.0
2011-07-21,51982.0
2011-07-22,51988.0
2011-07-25,51934.0
2011-07-26,52016.0
2011-07-27,52025.0
2011-07-28,51968.0
2011-07-29,51923.0
2011-08-01,51853.0
2011-08-02,51863.0
2011-08-03,52001.0
2011-08-04,51722.0
2011-08-05,50318.0
2011-08-08,50277.0
2011-08-09,50226.0
2011-08-10,50333.0
2011-08-11,50293.0
2011-08-12,50330.0
2011-08-15,50210.0
2011-08-16,50150.0
2011-08-17,50119.0
2011-08-18,50072.0
2011-08-19,50102.0
2011-08-23,50109.0
2011-08-24,50061.0
2011-08-25,50041.0
2011-08-26,50090.0
2011-08-29,50043.0
2011-08-30,50036.0
2011-08-31,49990.0
2011-09-01,49913.0
2011-09-02,49956.0
2011-09-05,49954.0
2011-09-06,49773.0
2011-09-07,49676.0
2011-09-08,49691.0
2011-09-09,49688.0
2011-09-12,49586.0
2011-09-13,49589.0
2011-09-14,49556.0
2011-09-15,49452.0
2011-09-16,49424.0
2011-09-19,49231.0
2011-09-20,49270.0
2011-09-21,49264.0
2011-09-22,49142.0
2011-09-23,49060.0
2011-09-26,48983.0
2011-09-27,48995.0
2011-09-28,48860.0
2011-09-29,48721.0
2011-09-30,48590.0
2011-10-03,48409.0
2011-10-04,48279.0
2011-10-05,48249.0
2011-10-06,48310.0
2011-10-07,48235.0
2011-10-11,48132.0
2011-10-12,48209.0
2011-10-13,48205.0
2011-10-14,48241.0
2011-10-17,48032.0
2011-10-18,48095.0
2011-10-19,47985.0
2011-10-20,47828.0
2011-10-21,47806.0
2011-10-24,47806.0
2011-10-25,47768.0
2011-10-26,47701.0
2011-10-27,47627.0
2011-10-28,47587.0
2011-10-31,47523.0
2011-11-01,47429.0
2011-11-02,47450.0
2011-11-03,47408.0
2011-11-04,47274.0
2011-11-07,47089.0
2011-11-08,46964.0
2011-11-09,46824.0
2011-11-10,46661.0
2011-11-11,46581.0
2011-11-14,46317.0
2011-11-15,46127.0
2011-11-16,46077.0
2011-11-17,46005.0
2011-11-18,46022.0
2011-11-21,45966.0
2011-11-22,46059.0
2011-11-23,46033.0
2011-11-24,46052.0
2011-11-25,45947.0
2011-11-29,46000.0
2011-11-30,46062.0
2011-12-01,46105.0
2011-12-02,46138.0
2011-12-05,46087.0
2011-12-06,46164.0
2011-12-07,46371.0
2011-12-12,46443.0
2011-12-13,46574.0
2011-12-14,44703.0
2011-12-15,44809.0
2011-12-16,45060.0
2011-12-19,45221.0
2011-12-20,45412.0
2011-12-21,45676.0
2011-12-22,46096.0
2011-12-23,46274.0
2011-12-27,46323.0
2011-12-28,46229.0
2011-12-29,46319.0
2011-12-30,46376.0
2012-01-03,46231.0
2012-01-04,46446.0
2012-01-05,46440.0
2012-01-06,46426.0
2012-01-09,46222.0
2012-01-10,46375.0
2012-01-11,46419.0
2012-01-12,46517.0
2012-01-13,46636.0
2012-01-16,46636.0
2012-01-17,46682.0
2012-01-18,46646.0
2012-01-19,46672.0
2012-01-20,46678.0
2012-01-23,46729.0
2012-01-24,46699.0
2012-01-25,46680.0
2012-01-26,46700.0
2012-01-27,46669.0
2012-01-30,46609.0
2012-01-31,46594.0
2012-02-01,46673.0
2012-02-02,46685.0
2012-02-03,46700.0
2012-02-06,46692.0
2012-02-07,46722.0
2012-02-08,46747.0
2012-02-09,46749.0
2012-02-10,46818.0
2012-02-13,46873.0
2012-02-14,46884.0
2012-02-15,46829.0
2012-02-16,46826.0
2012-02-17,46869.0
2012-02-22,46885.0
2012-02-23,46906.0
2012-02-24,46897.0
2012-02-28,46899.0
2012-02-29,46668.0
2012-03-01,46700.0
2012-03-02,46781.0
2012-03-05,46838.0
2012-03-06,46828.0
2012-03-07,46894.0
2012-03-08,47056.0
2012-03-09,47112.0
2012-03-12,47178.0
2012-03-13,47223.0
2012-03-14,47165.0
2012-03-15,47149.0
2012-03-16,47243.0
2012-03-19,47249.0
2012-03-20,47286.0
2012-03-21,47304.0
2012-03-22,47315.0
2012-03-23,47371.0
2012-03-26,47415.0
2012-03-27,47470.0
2012-03-28,47512.0
2012-03-29,47531.0
2012-03-30,47291.0
2012-04-03,47241.0
2012-04-04,47164.0
2012-04-09,47177.0
2012-04-10,47279.0
2012-04-11,47381.0
2012-04-12,47508.0
2012-04-13,47598.0
2012-04-16,47442.0
2012-04-17,47470.0
2012-04-18,47437.0
2012-04-19,47443.0
2012-04-20,47472.0
2012-04-23,47518.0
2012-04-24,47627.0
2012-04-25,47644.0
2012-04-26,47715.0
2012-04-27,47844.0
2012-05-02,47553.0
2012-05-03,47492.0
2012-05-04,47593.0
2012-05-07,47587.0
2012-05-08,47458.0
2012-05-09,47425.0
2012-05-10,47532.0
2012-05-11,47643.0
2012-05-14,47515.0
2012-05-15,47589.0
2012-05-16,47648.0
2012-05-17,47645.0
2012-05-18,47589.0
2012-05-21,47484.0
2012-05-22,47302.0
2012-05-23,47171.0
2012-05-24,47154.0
2012-05-28,47157.0
2012-05-29,47086.0
2012-05-30,46952.0
2012-05-31,46978.0
2012-06-01,47111.0
2012-06-04,47037.0
2012-06-05,46886.0
2012-06-06,46838.0
2012-06-07,46733.0
2012-06-08,46737.0
2012-06-11,46717.0
2012-06-12,46687.0
2012-06-13,46637.0
2012-06-14,46498.0
2012-06-15,46504.0
2012-06-18,46511.0
2012-06-19,46451.0
2012-06-21,46308.0
2012-06-22,46296.0
2012-06-25,46394.0
2012-06-26,46393.0
2012-06-27,46453.0
2012-06-28,46475.0
2012-06-29,46348.0
2012-07-02,46215.0
2012-07-03,46314.0
2012-07-04,46293.0
2012-07-05,46435.0
2012-07-06,46436.0
2012-07-10,46520.0
2012-07-11,46608.0
2012-07-12,46665.0
2012-07-13,46747.0
2012-07-16,46812.0
2012-07-17,46816.0
2012-07-18,46811.0
2012-07-19,46752.0
2012-07-20,46792.0
2012-07-23,46779.0
2012-07-24,46732.0
2012-07-25,46735.0
2012-07-26,46809.0
2012-07-27,46839.0
2012-07-30,46723.0
2012-07-31,46818.0
2012-08-01,46807.0
2012-08-02,46727.0
2012-08-03,45009.0
2012-08-06,45032.0
2012-08-07,45037.0
2012-08-08,45054.0
2012-08-09,45080.0
2012-08-10,45131.0
2012-08-13,45133.0
2012-08-14,45072.0
2012-08-15,45059.0
2012-08-16,45099.0
2012-08-17,45100.0
2012-08-21,45136.0
2012-08-22,45118.0
2012-08-23,45140.0
2012-08-24,45215.0
2012-08-27,45212.0
2012-08-28,45202.0
2012-08-29,45077.0
2012-08-30,45054.0
2012-08-31,45152.0
2012-09-03,45168.0
2012-09-04,45152.0
2012-09-05,45162.0
2012-09-06,45205.0
2012-09-07,45264.0
2012-09-10,45263.0
2012-09-11,45271.0
2012-09-12,45274.0
2012-09-13,45306.0
2012-09-14,45362.0
2012-09-17,45253.0
2012-09-18,45261.0
2012-09-19,45250.0
2012-09-20,45239.0
2012-09-21,45311.0
2012-09-25,45244.0
2012-09-26,45161.0
2012-09-27,45176.0
2012-09-28,45010.0
2012-10-01,45089.0
2012-10-02,45107.0
2012-10-03,44975.0
2012-10-04,45020.0
2012-10-05,45130.0
2012-10-09,45125.0
2012-10-10,45142.0
2012-10-11,45162.0
2012-10-12,45109.0
2012-10-15,44979.0
2012-10-16,44974.0
2012-10-17,44924.0
2012-10-18,44922.0
2012-10-19,44935.0
2012-10-22,44893.0
2012-10-23,44854.0
2012-10-24,44792.0
2012-10-25,45313.0
2012-10-26,45253.0
2012-10-29,45269.0
2012-10-30,45128.0
2012-10-31,45274.0
2012-11-01,45270.0
2012-11-02,45219.0
2012-11-05,45273.0
2012-11-07,45388.0
2012-11-08,45402.0
2012-11-09,45444.0
2012-11-12,45429.0
2012-11-13,45417.0
2012-11-14,45438.0
2012-11-15,45356.0
2012-11-16,45364.0
2012-11-19,45344.0
2012-11-20,45292.0
2012-11-21,45295.0
2012-11-22,45286.0
2012-11-23,45285.0
2012-11-27,45267.0
2012-11-28,45169.0
2012-11-29,45122.0
2012-11-30,45238.0
2012-12-03,45293.0
2012-12-04,45315.0
2012-12-05,45289.0
2012-12-06,45291.0
2012-12-07,45397.0
2012-12-10,45491.0
2012-12-11,45617.0
2012-12-12,45678.0
2012-12-13,45684.0
2012-12-14,43070.0
2012-12-17,43043.0
2012-12-18,43110.0
2012-12-19,43131.0
2012-12-20,43162.0
2012-12-21,43292.0
2012-12-26,43390.0
2012-12-27,43451.0
2012-12-28,43194.0
2012-12-31,43290.0
2013-01-02,43232.0
2013-01-03,43196.0
2013-01-04,43047.0
2013-01-07,43046.0
2013-01-08,42971.0
2013-01-09,42950.0
2013-01-10,43004.0
2013-01-11,42980.0
2013-01-14,43009.0
2013-01-15,43004.0
2013-01-16,43032.0
2013-01-17,43084.0
2013-01-18,43058.0
2013-01-21,43055.0
2013-01-22,43015.0
2013-01-23,42940.0
2013-01-24,42832.0
2013-01-25,42766.0
2013-01-28,42707.0
2013-01-29,42590.0
2013-01-30,42531.0
2013-02-01,42648.0
2013-02-04,42657.0
2013-02-05,42673.0
2013-02-06,42568.0
2013-02-07,42405.0
2013-02-08,42301.0
2013-02-13,42295.0
2013-02-14,42195.0
2013-02-15,42171.0
2013-02-18,42175.0
2013-02-19,42017.0
2013-02-21,41877.0
2013-02-22,41803.0
2013-02-25,41844.0
2013-02-26,41821.0
2013-02-27,41540.0
2013-02-28,41609.0
2013-03-01,41576.0
2013-03-04,41518.0
2013-03-05,41502.0
2013-03-06,41492.0
2013-03-07,41456.0
2013-03-08,41528.0
2013-03-11,41497.0
2013-03-12,41406.0
2013-03-13,41377.0
2013-03-14,41399.0
2013-03-15,41242.0
2013-03-18,41205.0
2013-03-19,41085.0
2013-03-20,40988.0
2013-03-21,41038.0
2013-03-22,40945.0
2013-03-25,40867.0
2013-03-26,40807.0
2013-03-27,40446.0
2013-04-03,40413.0
2013-04-04,40384.0
2013-04-05,40451.0
2013-04-08,40413.0
2013-04-09,40450.0
2013-04-10,40425.0
2013-04-11,40448.0
2013-04-12,40326.0
2013-04-15,39998.0
2013-04-16,40064.0
2013-04-17,39816.0
2013-04-18,39793.0
2013-04-19,39801.0
2013-04-22,39790.0
2013-04-23,39725.0
2013-04-24,39710.0
2013-04-25,39778.0
2013-04-26,39750.0
2013-04-29,39642.0
2013-04-30,39532.0
2013-05-02,39559.0
2013-05-03,39440.0
2013-05-06,39443.0
2013-05-07,39361.0
2013-05-08,39280.0
2013-05-09,39220.0
2013-05-10,39152.0
2013-05-13,39122.0
2013-05-14,39072.0
2013-05-15,38952.0
2013-05-16,38868.0
2013-05-17,38819.0
2013-05-20,38840.0
2013-05-21,38802.0
2013-05-22,38768.0
2013-05-23,38748.0
2013-05-24,38814.0
2013-05-27,38821.0
2013-05-28,38674.0
2013-05-29,38540.0
2013-05-30,38649.0
2013-05-31,38551.0
2013-06-03,38616.0
2013-06-04,38520.0
2013-06-05,38514.0
2013-06-06,38520.0
2013-06-07,38598.0
2013-06-10,38641.0
2013-06-11,38599.0
2013-06-12,38610.0
2013-06-13,38530.0
2013-06-14,38375.0
2013-06-17,38298.0
2013-06-18,38286.0
2013-06-19,38298.0
2013-06-24,38038.0
2013-06-25,37944.0
2013-06-26,37782.0
2013-06-27,37595.0
2013-06-28,37005.0
2013-07-01,37132.0
2013-07-02,37156.0
2013-07-03,37213.0
2013-07-04,37205.0
2013-07-05,37130.0
2013-07-08,37229.0
2013-07-10,37333.0
2013-07-11,37416.0
2013-07-12,37469.0
2013-07-15,37461.0
2013-07-16,37444.0
2013-07-17,37413.0
2013-07-18,37435.0
2013-07-19,37464.0
2013-07-22,37471.0
2013-07-23,37416.0
2013-07-24,37365.0
2013-07-25,37303.0
2013-07-26,37312.0
2013-07-29,37296.0
2013-07-30,36924.0
2013-07-31,37049.0
2013-08-01,37034.0
2013-08-02,37089.0
2013-08-05,37084.0
2013-08-06,37026.0
2013-08-07,37022.0
2013-08-08,37068.0
2013-08-09,37061.0
2013-08-12,37060.0
2013-08-13,36993.0
2013-08-14,36963.0
2013-08-15,37024.0
2013-08-16,37056.0
2013-08-20,37083.0
2013-08-21,37053.0
2013-08-22,37010.0
2013-08-23,37011.0
2013-08-26,36929.0
2013-08-27,36911.0
2013-08-28,36878.0
2013-08-29,36837.0
2013-08-30,36678.0
2013-09-02,36676.0
2013-09-03,36722.0
2013-09-04,36668.0
2013-09-05,36708.0
2013-09-06,36717.0
2013-09-09,36652.0
2013-09-10,36578.0
2013-09-11,36491.0
2013-09-12,35261.0
2013-09-13,35195.0
2013-09-16,35150.0
2013-09-17,34965.0
2013-09-18,35107.0
2013-09-19,35179.0
2013-09-20,35000.0
2013-09-23,35021.0
2013-09-24,35059.0
2013-09-25,34994.0
2013-09-26,34891.0
2013-09-27,34692.0
2013-09-30,34741.0
2013-10-01,34825.0
2013-10-02,34714.0
2013-10-03,34615.0
2013-10-04,34746.0
2013-10-07,34707.0
2013-10-08,34632.0
2013-10-09,34678.0
2013-10-10,34538.0
2013-10-11,34402.0
2013-10-15,34387.0
2013-10-16,34410.0
2013-10-17,34339.0
2013-10-18,34247.0
2013-10-21,34112.0
2013-10-22,34090.0
2013-10-23,33984.0
2013-10-24,34014.0
2013-10-25,33971.0
2013-10-28,33617.0
2013-10-29,33369.0
2013-10-30,33238.0
2013-10-31,33232.0
2013-11-01,33312.0
2013-11-04,33236.0
2013-11-05,33070.0
2013-11-07,33055.0
2013-11-08,32966.0
2013-11-11,32954.0
2013-11-12,32624.0
2013-11-13,32502.0
2013-11-14,32494.0
2013-11-15,32389.0
2013-11-18,32150.0
2013-11-19,31980.0
2013-11-20,31786.0
2013-11-21,31541.0
2013-11-22,31399.0
2013-11-26,31319.0
2013-11-27,31156.0
2013-11-28,31199.0
2013-11-29,30799.0
2013-12-02,30665.0
2013-12-03,30589.0
2013-12-04,30509.0
2013-12-05,30383.0
2013-12-06,30467.0
2013-12-09,30470.0
2013-12-10,30430.0
2013-12-11,30587.0
2013-12-12,30525.0
2013-12-13,30509.0
2013-12-16,30610.0
2013-12-17,30574.0
2013-12-18,30634.0
2013-12-19,30656.0
2013-12-20,30680.0
2013-12-23,30702.0
2013-12-26,30777.0
2013-12-27,30828.0
2013-12-30,30600.0
2014-01-02,30586.0
2014-01-03,30529.0
2014-01-06,30352.0
2014-01-07,30437.0
2014-01-08,30230.0
2014-01-09,30222.0
2014-01-10,30156.0
2014-01-13,30105.0
2014-01-14,30025.0
2014-01-15,29863.0
2014-01-16,29692.0
2014-01-17,29681.0
2014-01-20,29682.0
2014-01-21,29405.0
2014-01-22,29325.0
2014-01-23,29074.0
2014-01-24,28872.0
2014-01-27,28704.0
2014-01-28,28445.0
2014-01-29,28201.0
2014-01-30,27822.0
2014-01-31,27748.0
2014-02-03,27795.0
2014-02-04,27779.0
2014-02-05,27774.0
2014-02-06,27735.0
2014-02-07,27784.0
2014-02-10,27644.0
2014-02-11,27709.0
2014-02-12,27728.0
2014-02-13,27754.0
2014-02-14,27712.0
2014-02-17,27728.0
2014-02-18,27718.0
2014-02-19,27716.0
2014-02-20,27606.0
2014-02-21,27588.0
2014-02-24,27575.0
2014-02-25,27575.0
2014-02-26,27482.0
2014-02-27,27373.0
2014-02-28,27546.0
2014-03-05,27646.0
2014-03-06,27644.0
2014-03-07,27636.0
2014-03-10,27610.0
2014-03-11,27618.0
2014-03-12,27462.0
2014-03-13,27472.0
2014-03-14,27471.0
2014-03-17,27318.0
2014-03-18,27208.0
2014-03-19,27165.0
2014-03-20,27133.0
2014-03-21,27156.0
2014-03-25,27089.0
2014-03-26,27106.0
2014-03-27,26939.0
2014-03-28,26910.0
2014-03-31,27007.0
2014-04-01,26989.0
2014-04-03,26729.0
2014-04-04,27213.0
2014-04-07,27331.0
2014-04-08,27469.0
2014-04-09,27608.0
2014-04-10,27636.0
2014-04-11,27743.0
2014-04-14,27756.0
2014-04-15,27768.0
2014-04-16,27813.0
2014-04-21,27817.0
2014-04-22,27820.0
2014-04-23,27831.0
2014-04-24,27903.0
2014-04-25,28105.0
2014-04-28,28172.0
2014-04-29,28112.0
2014-04-30,28220.0
2014-05-05,28249.0
2014-05-06,28297.0
2014-05-07,28307.0
2014-05-08,28323.0
2014-05-09,28336.0
2014-05-12,28356.0
2014-05-13,28358.0
2014-05-14,28373.0
2014-05-15,28383.0
2014-05-16,28391.0
2014-05-19,28390.0
2014-05-20,28398.0
2014-05-21,28350.0
2014-05-22,28433.0
2014-05-23,28514.0
2014-05-26,28514.0
2014-05-27,28499.0
2014-05-28,28541.0
2014-05-29,28520.0
2014-05-30,28542.0
2014-06-02,28599.0
2014-06-03,28627.0
2014-06-04,28639.0
2014-06-05,28635.0
2014-06-06,28623.0
2014-06-09,28789.0
2014-06-10,28781.0
2014-06-11,28800.0
2014-06-12,28820.0
2014-06-13,28844.0
2014-06-16,28834.0
2014-06-17,28841.0
2014-06-18,28872.0
2014-06-19,28884.0
2014-06-23,28893.0
2014-06-24,29025.0
2014-06-25,29073.0
2014-06-26,29133.0
2014-06-27,29255.0
2014-06-30,29278.0
2014-07-01,29339.0
2014-07-02,29352.0
2014-07-03,29478.0
2014-07-04,29478.0
2014-07-07,29537.0
2014-07-08,29545.0
2014-07-10,29621.0
2014-07-11,29632.0
2014-07-14,29626.0
2014-07-15,29633.0
2014-07-16,29637.0
2014-07-17,29672.0
2014-07-18,29676.0
2014-07-21,29692.0
2014-07-22,29694.0
2014-07-23,29700.0
2014-07-24,29713.0
2014-07-25,29704.0
2014-07-28,29018.0
2014-07-29,29018.0
2014-07-30,28801.0
2014-07-31,29003.0
2014-08-01,28997.0
2014-08-04,28893.0
2014-08-05,28928.0
2014-08-06,28932.0
2014-08-07,28957.0
2014-08-08,28962.0
2014-08-11,28961.0
2014-08-12,28962.0
2014-08-13,28970.0
2014-08-14,28971.0
2014-08-15,28953.0
2014-08-19,28952.0
2014-08-20,28923.0
2014-08-21,28859.0
2014-08-22,28781.0
2014-08-25,28675.0
2014-08-26,28587.0
2014-08-27,28606.0
2014-08-28,28635.0
2014-08-29,28620.0
2014-09-01,28614.0
2014-09-02,28551.0
2014-09-03,28507.0
2014-09-04,28471.0
2014-09-05,28385.0
2014-09-08,28337.0
2014-09-09,28432.0
2014-09-10,28414.0
2014-09-11,28412.0
2014-09-12,28394.0
2014-09-15,28228.0
2014-09-16,28283.0
2014-09-17,28272.0
2014-09-18,28275.0
2014-09-19,28224.0
2014-09-22,28221.0
2014-09-23,28222.0
2014-09-24,28215.0
2014-09-25,28183.0
2014-09-26,28008.0
2014-09-29,27881.0
2014-09-30,27866.0
2014-10-01,27921.0
2014-10-02,27948.0
2014-10-03,27785.0
2014-10-06,27762.0
2014-10-07,27734.0
2014-10-08,27676.0
2014-10-09,27620.0
2014-10-10,27591.0
2014-10-14,27589.0
2014-10-15,27437.0
2014-10-16,27446.0
2014-10-17,27299.0
2014-10-20,27282.0
2014-10-21,27359.0
2014-10-22,27377.0
2014-10-23,27402.0
2014-10-24,27412.0
2014-10-27,27338.0
2014-10-28,27356.0
2014-10-29,27346.0
2014-10-30,28109.0
2014-10-31,28111.0
2014-11-03,28077.0
2014-11-04,28068.0
2014-11-05,28075.0
2014-11-07,28108.0
2014-11-10,28170.0
2014-11-11,28172.0
2014-11-12,28176.0
2014-11-13,28207.0
2014-11-14,28288.0
2014-11-17,28793.0
2014-11-18,28816.0
2014-11-19,28817.0
2014-11-20,28816.0
2014-11-21,28812.0
2014-11-25,28889.0
2014-11-26,28895.0
2014-11-27,28872.0
2014-11-28,28911.0
2014-12-01,28941.0
2014-12-02,28897.0
2014-12-03,28909.0
2014-12-04,28905.0
2014-12-05,28931.0
2014-12-09,29189.0
2014-12-10,29212.0
2014-12-11,30185.0
2014-12-12,30269.0
2014-12-15,30271.0
2014-12-16,30442.0
2014-12-17,30715.0
2014-12-18,30823.0
2014-12-19,30855.0
2014-12-22,30930.0
2014-12-23,31076.0
2014-12-24,31116.0
2014-12-29,31159.0
2014-12-30,31407.0
2015-01-02,31337.0
2015-01-05,31313.0
2015-01-06,31315.0
2015-01-07,31248.0
2015-01-08,31073.0
2015-01-09,31076.0
2015-01-12,31103.0
2015-01-13,31281.0
2015-01-14,31298.0
2015-01-15,31318.0
2015-01-16,31311.0
2015-01-19,31315.0
2015-01-20,31276.0
2015-01-21,31262.0
2015-01-22,31265.0
2015-01-23,31229.0
2015-01-26,31287.0
2015-01-27,31300.0
2015-01-28,31304.0
2015-01-29,31350.0
2015-01-30,31452.0
2015-02-02,31403.0
2015-02-03,31240.0
2015-02-04,31239.0
2015-02-05,31269.0
2015-02-06,31284.0
2015-02-09,31291.0
2015-02-10,31315.0
2015-02-11,31316.0
2015-02-12,31353.0
2015-02-13,31354.0
2015-02-18,31333.0
2015-02-19,31344.0
2015-02-20,31360.0
2015-02-23,31381.0
2015-02-24,31403.0
2015-02-25,31406.0
2015-02-26,31412.0
2015-02-27,31470.0
2015-03-02,31467.0
2015-03-03,31458.0
2015-03-04,31449.0
2015-03-05,31440.0
2015-03-06,31405.0
2015-03-09,31395.0
2015-03-10,31393.0
2015-03-11,31368.0
2015-03-12,31380.0
2015-03-13,31391.0
2015-03-16,31428.0
2015-03-17,31419.0
2015-03-18,31423.0
2015-03-19,31431.0
2015-03-20,31441.0
2015-03-25,31457.0
2015-03-26,31465.0
2015-03-27,31464.0
2015-03-30,31460.0
2015-03-31,31490.0
2015-04-01,31505.0
2015-04-06,31510.0
2015-04-07,31513.0
2015-04-08,31516.0
2015-04-09,31516.0
2015-04-10,31524.0
2015-04-13,31524.0
2015-04-14,31523.0
2015-04-15,31507.0
2015-04-16,31515.0
2015-04-17,31419.0
2015-04-20,31424.0
2015-04-21,31440.0
2015-04-22,31438.0
2015-04-23,32688.0
2015-04-24,32687.0
2015-04-27,32687.0
2015-04-28,33221.0
2015-04-29,33910.0
2015-04-30,33909.0
2015-05-04,33910.0
2015-05-05,33901.0
2015-05-06,33905.0
2015-05-07,33874.0
2015-05-08,33852.0
2015-05-11,33856.0
2015-05-12,33866.0
2015-05-13,33860.0
2015-05-14,33861.0
2015-05-15,33866.0
2015-05-18,33871.0
2015-05-19,33868.0
2015-05-20,33873.0
2015-05-21,33875.0
2015-05-22,33881.0
2015-05-26,33818.0
2015-05-27,33817.0
2015-05-28,33272.0
2015-05-29,33283.0
2015-06-01,33283.0
2015-06-02,33288.0
2015-06-03,33280.0
2015-06-04,33306.0
2015-06-05,33285.0
2015-06-08,33288.0
2015-06-09,33795.0
2015-06-10,33807.0
2015-06-11,33813.0
2015-06-12,33813.0
2015-06-15,33817.0
2015-06-16,33816.0
2015-06-17,33818.0
2015-06-18,33824.0
2015-06-19,33829.0
2015-06-22,33821.0
2015-06-23,33816.0
2015-06-24,33821.0
2015-06-25,33835.0
2015-06-26,33833.0
2015-06-29,33842.0
2015-06-30,33851.0
2015-07-01,33847.0
2015-07-02,33850.0
2015-07-03,33849.0
2015-07-06,33834.0
2015-07-07,33829.0
2015-07-08,33829.0
2015-07-10,33834.0
2015-07-13,33841.0
2015-07-14,33837.0
2015-07-15,33843.0
2015-07-16,33843.0
2015-07-17,33853.0
2015-07-20,33845.0
2015-07-21,33861.0
2015-07-22,33928.0
2015-07-23,33929.0
2015-07-24,33933.0
2015-07-27,33931.0
2015-07-28,33933.0
2015-07-29,33931.0
2015-07-30,33927.0
2015-07-31,33943.0
2015-08-03,33915.0
2015-08-04,33888.0
2015-08-05,33849.0
2015-08-06,33837.0
2015-08-07,33837.0
2015-08-10,33842.0
2015-08-11,33712.0
2015-08-12,33692.0
2015-08-13,33632.0
2015-08-14,33653.0
2015-08-18,33663.0
2015-08-19,33664.0
2015-08-20,33674.0
2015-08-21,33684.0
2015-08-24,33674.0
2015-08-25,33634.0
2015-08-26,33606.0
2015-08-27,33599.0
2015-08-28,33598.0
2015-08-31,33606.0
2015-09-01,33582.0
2015-09-02,33569.0
2015-09-03,33542.0
2015-09-04,33552.0
2015-09-07,33546.0
2015-09-08,33521.0
2015-09-09,33500.0
2015-09-10,33499.0
2015-09-11,33505.0
2015-09-14,33492.0
2015-09-15,33453.0
2015-09-16,33445.0
2015-09-17,33452.0
2015-09-18,33425.0
2015-09-21,33396.0
2015-09-22,33401.0
2015-09-23,33338.0
2015-09-24,33343.0
2015-09-25,33104.0
2015-09-28,33318.0
2015-09-29,33288.0
2015-09-30,33257.0
2015-10-01,32471.0
2015-10-02,32462.0
2015-10-05,27713.0
2015-10-06,27722.0
2015-10-07,27691.0
2015-10-08,27747.0
2015-10-09,27758.0
2015-10-13,27753.0
2015-10-14,27755.0
2015-10-15,27636.0
2015-10-16,27635.0
2015-10-19,27389.0
2015-10-20,27389.0
2015-10-21,27335.0
2015-10-22,27300.0
2015-10-23,27305.0
2015-10-26,27162.0
2015-10-27,27060.0
2015-10-28,27037.0
2015-10-29,26965.0
2015-10-30,26970.0
2015-11-02,26938.0
2015-11-03,26877.0
2015-11-04,26807.0
2015-11-05,26710.0
2015-11-09,26440.0
2015-11-10,26391.0
2015-11-11,26278.0
2015-11-12,26246.0
2015-11-13,26203.0
2015-11-16,26111.0
2015-11-17,25924.0
2015-11-18,25933.0
2015-11-19,25889.0
2015-11-20,25841.0
2015-11-23,25812.0
2015-11-24,25782.0
2015-11-25,25768.0
2015-11-26,25761.0
2015-11-30,25615.0
2015-12-01,25410.0
2015-12-02,25184.0
2015-12-03,25046.0
2015-12-04,25030.0
2015-12-09,25092.0
2015-12-10,24862.0
2015-12-11,24661.0
2015-12-14,24473.0
2015-12-15,24290.0
2015-12-16,24164.0
2015-12-17,24141.0
2015-12-18,24396.0
2015-12-21,24417.0
2015-12-22,24441.0
2015-12-23,24720.0
2015-12-24,24858.0
2015-12-28,25077.0
2015-12-29,25267.0
2015-12-30,25385.0
2015-12-31,25563.0
2016-01-04,25515.0
2016-01-05,25512.0
2016-01-06,25668.0
2016-01-07,25671.0
2016-01-08,25559.0
2016-01-11,25710.0
2016-01-12,25610.0
2016-01-13,25591.0
2016-01-14,25543.0
2016-01-15,25645.0
2016-01-18,25665.0
2016-01-19,25587.0
2016-01-20,25546.0
2016-01-21,25369.0
2016-01-22,25375.0
2016-01-25,25389.0
2016-01-26,25414.0
2016-01-27,25322.0
2016-01-28,25243.0
2016-01-29,30074.0
2016-02-01,29985.0
2016-02-02,29928.0
2016-02-03,29892.0
2016-02-04,29835.0
2016-02-05,29674.0
2016-02-10,29732.0
2016-02-11,29833.0
2016-02-12,29656.0
2016-02-15,29676.0
2016-02-16,29437.0
2016-02-17,29317.0
2016-02-18,29273.0
2016-02-19,29178.0
2016-02-22,29068.0
2016-02-23,28890.0
2016-02-24,28860.0
2016-02-25,28767.0
2016-02-26,28551.0
2016-02-29,28399.0
2016-03-01,28195.0
2016-03-02,28124.0
2016-03-03,28121.0
2016-03-04,28215.0
2016-03-07,28167.0
2016-03-08,28164.0
2016-03-09,28113.0
2016-03-10,28130.0
2016-03-11,28145.0
2016-03-14,28029.0
2016-03-15,27849.0
2016-03-16,29080.0
2016-03-17,29238.0
2016-03-18,29195.0
2016-03-21,29149.0
2016-03-22,29117.0
2016-03-23,29886.0
2016-03-28,29842.0
2016-03-29,29881.0
2016-03-30,29852.0
2016-03-31,29572.0
2016-04-01,29407.0
2016-04-04,29421.0
2016-04-05,29544.0
2016-04-06,29462.0
2016-04-07,29557.0
2016-04-08,29512.0
2016-04-11,29524.0
2016-04-12,29528.0
2016-04-13,29442.0
2016-04-14,29353.0
2016-04-15,29239.0
2016-04-18,29224.0
2016-04-19,29295.0
2016-04-20,29254.0
2016-04-21,29186.0
2016-04-22,35043.0
2016-04-25,35009.0
2016-04-26,34906.0
2016-04-27,34741.0
2016-04-28,34655.0
2016-04-29,34380.0
2016-05-02,34314.0
2016-05-03,34220.0
2016-05-04,31518.0
2016-05-05,31392.0
2016-05-06,31311.0
2016-05-09,30986.0
2016-05-10,31077.0
2016-05-11,31176.0
2016-05-12,31079.0
2016-05-13,31348.0
2016-05-16,31356.0
2016-05-17,31632.0
2016-05-18,31645.0
2016-05-19,32088.0
2016-05-20,32033.0
2016-05-23,32268.0
2016-05-24,31643.0
2016-05-26,30829.0
2016-05-27,30391.0
2016-05-30,30348.0
2016-05-31,30171.0
2016-06-01,30742.0
2016-06-02,30757.0
2016-06-03,31033.0
2016-06-06,30936.0
2016-06-07,30849.0
2016-06-08,30987.0
2016-06-09,30981.0
2016-06-10,31354.0
2016-06-13,31263.0
2016-06-14,31219.0
2016-06-15,32190.0
2016-06-16,32137.0
2016-06-21,32095.0
2016-06-22,32045.0
2016-06-23,32024.0
2016-06-24,31858.0
2016-06-27,31708.0
2016-06-28,31707.0
2016-06-29,31112.0
2016-06-30,30507.0
2016-07-01,30749.0
2016-07-04,30768.0
2016-07-05,30737.0
2016-07-06,33425.0
2016-07-07,33673.0
2016-07-11,33647.0
2016-07-12,33886.0
2016-07-13,33986.0
2016-07-14,33977.0
2016-07-15,33927.0
2016-07-18,33845.0
2016-07-19,34039.0
2016-07-20,33900.0
2016-07-21,33849.0
2016-07-22,33784.0
2016-07-25,33691.0
2016-07-26,34290.0
2016-07-27,34274.0
2016-07-28,34244.0
2016-07-29,32511.0
2016-08-01,32628.0
2016-08-02,32618.0
2016-08-03,32497.0
2016-08-04,32479.0
2016-08-05,32453.0
2016-08-08,32488.0
2016-08-09,32535.0
2016-08-10,32566.0
2016-08-11,32425.0
2016-08-12,32251.0
2016-08-16,32239.0
2016-08-17,32087.0
2016-08-18,32338.0
2016-08-19,31963.0
2016-08-22,31965.0
2016-08-23,31931.0
2016-08-24,31847.0
2016-08-25,31924.0
2016-08-26,31809.0
2016-08-29,31557.0
2016-08-30,31432.0
2016-08-31,31150.0
2016-09-01,31102.0
2016-09-02,31070.0
2016-09-05,31126.0
2016-09-06,31324.0
2016-09-07,31330.0
2016-09-08,31265.0
2016-09-09,31274.0
2016-09-12,31250.0
2016-09-13,31084.0
2016-09-14,31028.0
2016-09-15,30873.0
2016-09-16,30813.0
2016-09-19,30743.0
2016-09-20,30697.0
2016-09-21,30710.0
2016-09-22,30736.0
2016-09-23,30748.0
2016-09-26,30708.0
2016-09-27,30596.0
2016-09-28,30389.0
2016-09-29,30009.0
2016-09-30,29902.0
2016-10-03,32296.0
2016-10-04,32469.0
2016-10-05,32510.0
2016-10-06,32469.0
2016-10-07,32533.0
2016-10-11,32457.0
2016-10-12,35553.0
2016-10-13,35482.0
2016-10-14,35545.0
2016-10-17,39331.0
2016-10-18,39715.0
2016-10-19,39651.0
2016-10-20,40632.0
2016-10-21,40264.0
2016-10-24,40572.0
2016-10-25,40840.0
2016-10-26,40885.0
2016-10-27,39841.0
2016-10-28,40020.0
2016-10-31,37210.0
2016-11-01,37533.0
2016-11-02,37622.0
2016-11-03,37616.0
2016-11-04,37940.0
2016-11-07,37691.0
2016-11-08,38070.0
2016-11-09,38058.0
2016-11-10,38016.0
2016-11-11,37958.0
2016-11-14,37938.0
2016-11-15,37901.0
2016-11-16,37875.0
2016-11-17,37426.0
2016-11-18,37283.0
2016-11-21,37461.0
2016-11-22,37610.0
2016-11-23,37554.0
2016-11-24,37575.0
2016-11-25,37682.0
2016-11-29,37561.0
2016-11-30,37378.0
2016-12-01,37275.0
2016-12-02,37536.0
2016-12-05,37537.0
2016-12-06,37592.0
2016-12-07,37811.0
2016-12-12,36776.0
2016-12-13,36869.0
2016-12-14,37007.0
2016-12-15,36878.0
2016-12-16,37086.0
2016-12-19,37203.0
2016-12-20,37930.0
2016-12-21,38189.0
2016-12-22,38173.0
2016-12-23,38511.0
2016-12-26,38509.0
2016-12-27,38956.0
2016-12-28,39204.0
2016-12-29,39362.0
2016-12-30,39308.0
2017-01-02,39296.0
2017-01-03,39486.0
2017-01-04,39580.0
2017-01-05,39856.0
2017-01-06,39802.0
2017-01-09,39661.0
2017-01-10,39702.0
2017-01-11,39665.0
2017-01-12,39890.0
2017-01-13,40114.0
2017-01-16,40135.0
2017-01-17,40202.0
2017-01-18,40184.0
2017-01-19,40051.0
2017-01-20,40003.0
2017-01-23,40002.0
2017-01-24,39915.0
2017-01-25,39884.0
2017-01-26,46634.0
2017-01-27,46651.0
2017-01-30,46847.0
2017-01-31,46887.0
2017-02-01,46750.0
2017-02-02,46647.0
2017-02-03,46653.0
2017-02-06,46705.0
2017-02-07,46743.0
2017-02-08,47178.0
2017-02-09,47178.0
2017-02-10,47431.0
2017-02-13,47360.0
2017-02-14,47188.0
2017-02-15,48624.0
2017-02-16,48702.0
2017-02-17,49085.0
2017-02-20,49052.0
2017-02-21,50751.0
2017-02-22,50768.0
2017-02-23,50801.0
2017-02-24,50608.0
2017-03-01,50551.0
2017-03-02,51114.0
2017-03-03,51010.0
2017-03-06,51495.0
2017-03-07,51457.0
2017-03-08,51494.0
2017-03-09,51599.0
2017-03-10,51651.0
2017-03-13,51816.0
2017-03-14,51772.0
2017-03-15,51618.0
2017-03-16,51649.0
2017-03-17,51667.0
2017-03-20,51929.0
2017-03-21,51950.0
2017-03-22,51926.0
2017-03-23,51745.0
2017-03-27,51661.0
2017-03-28,51515.0
2017-03-29,51190.0
2017-03-30,50907.0
2017-03-31,50522.0
2017-04-03,51851.0
2017-04-04,51885.0
2017-04-05,51926.0
2017-04-06,52008.0
2017-04-07,52091.0
2017-04-10,52088.0
2017-04-11,52246.0
2017-04-12,52696.0
2017-04-17,48579.0
2017-04-18,49095.0
2017-04-19,48944.0
2017-04-20,48892.0
2017-04-21,48314.0
2017-04-24,48349.0
2017-04-25,48260.0
2017-04-26,48176.0
2017-04-27,48460.0
2017-04-28,48217.0
2017-05-02,48227.0
2017-05-03,48361.0
2017-05-04,48336.0
2017-05-05,48360.0
2017-05-08,48032.0
2017-05-09,48040.0
2017-05-10,48056.0
2017-05-11,48075.0
2017-05-12,48628.0
2017-05-15,48566.0
2017-05-16,48659.0
2017-05-17,48627.0
2017-05-18,48400.0
2017-05-19,48027.0
2017-05-22,47855.0
2017-05-23,47468.0
2017-05-24,46767.0
2017-05-26,45872.0
2017-05-29,45851.0
2017-05-30,45814.0
2017-05-31,46146.0
2017-06-01,45082.0
2017-06-02,45070.0
2017-06-05,45142.0
2017-06-06,45093.0
2017-06-07,45080.0
2017-06-08,44922.0
2017-06-09,44899.0
2017-06-12,44775.0
2017-06-13,44641.0
2017-06-14,44733.0
2017-06-15,44632.0
2017-06-16,44780.0
2017-06-19,44758.0
2017-06-21,45872.0
2017-06-22,45917.0
2017-06-23,45897.0
2017-06-26,45687.0
2017-06-27,45546.0
2017-06-28,47703.0
2017-06-29,46997.0
2017-06-30,47995.0
2017-07-03,47819.0
2017-07-04,47761.0
2017-07-05,47793.0
2017-07-06,47995.0
2017-07-07,48569.0
2017-07-10,48512.0
2017-07-11,48455.0
2017-07-12,48327.0
2017-07-13,48273.0
2017-07-14,48246.0
2017-07-17,47951.0
2017-07-18,47781.0
2017-07-19,47702.0
2017-07-20,48115.0
2017-07-21,48138.0
2017-07-24,47869.0
2017-07-25,47513.0
2017-07-26,47391.0
2017-07-27,47471.0
2017-07-28,47098.0
2017-07-31,47014.0
2017-08-01,46840.0
2017-08-02,46821.0
2017-08-03,46770.0
2017-08-04,49305.0
2017-08-07,49081.0
2017-08-08,48982.0
2017-08-09,48641.0
2017-08-10,48366.0
2017-08-11,48216.0
2017-08-14,47754.0
2017-08-15,47740.0
2017-08-16,47848.0
2017-08-17,48049.0
2017-08-18,47992.0
2017-08-22,47941.0
2017-08-23,47783.0
2017-08-24,47908.0
2017-08-25,49022.0
2017-08-28,49381.0
2017-08-29,49343.0
2017-08-30,49235.0
2017-08-31,48877.0
2017-09-01,49433.0
2017-09-04,49477.0
2017-09-05,51296.0
2017-09-06,51317.0
2017-09-07,51240.0
2017-09-08,51274.0
2017-09-11,51078.0
2017-09-12,50890.0
2017-09-13,51043.0
2017-09-14,50975.0
2017-09-15,51024.0
2017-09-18,50839.0
2017-09-19,51112.0
2017-09-20,51366.0
2017-09-21,51292.0
2017-09-22,51331.0
2017-09-25,51158.0
2017-09-26,50971.0
2017-09-27,50889.0
2017-09-28,50515.0
2017-09-29,50237.0
2017-10-02,50646.0
2017-10-03,50655.0
2017-10-04,50726.0
2017-10-05,50847.0
2017-10-06,50860.0
2017-10-09,50892.0
2017-10-10,51077.0
2017-10-11,50943.0
2017-10-12,51913.0
2017-10-13,52852.0
2017-10-17,52591.0
2017-10-18,52456.0
2017-10-19,52501.0
2017-10-20,51942.0
2017-10-23,51986.0
2017-10-24,51921.0
2017-10-25,51884.0
2017-10-26,51864.0
2017-10-27,51903.0
2017-10-30,51995.0
2017-10-31,51810.0
2017-11-01,52124.0
2017-11-02,52210.0
2017-11-03,52066.0
2017-11-07,51563.0
2017-11-08,51599.0
2017-11-09,54748.0
2017-11-10,54730.0
2017-11-13,54750.0
2017-11-14,54746.0
2017-11-15,54653.0
2017-11-16,54571.0
2017-11-17,54503.0
2017-11-21,54599.0
2017-11-22,55004.0
2017-11-23,54928.0
2017-11-24,54968.0
2017-11-27,54919.0
2017-11-28,54764.0
2017-11-29,54662.0
2017-11-30,54563.0
2017-12-01,54905.0
2017-12-04,54849.0
2017-12-05,54749.0
2017-12-06,54816.0
2017-12-07,55163.0
2017-12-11,55300.0
2017-12-12,55308.0
2017-12-13,55417.0
2017-12-14,55502.0
2017-12-15,55997.0
2017-12-18,55906.0
2017-12-19,55932.0
2017-12-20,56086.0
2017-12-21,56224.0
2017-12-22,56415.0
2017-12-26,56339.0
2017-12-27,56280.0
2017-12-28,56149.0
2017-12-29,55055.0
2018-01-02,55731.0
2018-01-03,55706.0
2018-01-04,55623.0
2018-01-05,55459.0
2018-01-08,55261.0
2018-01-09,55130.0
2018-01-10,55022.0
2018-01-11,63906.0
2018-01-12,63683.0
2018-01-15,63746.0
2018-01-16,63588.0
2018-01-17,63504.0
2018-01-18,63378.0
2018-01-19,63225.0
2018-01-22,63148.0
2018-01-23,63122.0
2018-01-24,63167.0
2018-01-25,62943.0
2018-01-26,62533.0
2018-01-29,62403.0
2018-01-30,62242.0
2018-01-31,62024.0
2018-02-01,62174.0
2018-02-02,62216.0
2018-02-05,62228.0
2018-02-06,62367.0
2018-02-07,62622.0
2018-02-08,62565.0
2018-02-09,62587.0
2018-02-14,62665.0
2018-02-15,62460.0
2018-02-16,62313.0
2018-02-19,62292.0
2018-02-20,62217.0
2018-02-21,62268.0
2018-02-22,62226.0
2018-02-23,62118.0
2018-02-26,62124.0
2018-02-27,61815.0
2018-02-28,61509.0
2018-03-01,61450.0
2018-03-02,61767.0
2018-03-05,61707.0
2018-03-06,62456.0
2018-03-07,62610.0
2018-03-08,62515.0
2018-03-09,62414.0
2018-03-12,62364.0
2018-03-13,62390.0
2018-03-14,62235.0
2018-03-15,61951.0
2018-03-16,61689.0
2018-03-19,61604.0
2018-03-20,61559.0
2018-03-21,61616.0
2018-03-22,61137.0
2018-03-23,60899.0
2018-03-26,60920.0
2018-03-27,60722.0
2018-03-28,61726.0
2018-04-03,61548.0
2018-04-04,61566.0
2018-04-05,61667.0
2018-04-06,61610.0
2018-04-09,61668.0
2018-04-10,61769.0
2018-04-11,61840.0
2018-04-12,61832.0
2018-04-13,61648.0
2018-04-16,61377.0
2018-04-17,61476.0
2018-04-18,61364.0
2018-04-19,62456.0
2018-04-20,61599.0
2018-04-23,61185.0
2018-04-24,60795.0
2018-04-25,59424.0
2018-04-26,58401.0
2018-04-27,56623.0
2018-05-02,55998.0
2018-05-03,56147.0
2018-05-04,56015.0
2018-05-07,55593.0
2018-05-08,55196.0
2018-05-09,57016.0
2018-05-10,56322.0
2018-05-11,54428.0
2018-05-14,53422.0
2018-05-15,52727.0
2018-05-16,52433.0
2018-05-17,54427.0
2018-05-18,54321.0
2018-05-21,54274.0
2018-05-22,54262.0
2018-05-23,53598.0
2018-05-24,52102.0
2018-05-28,51930.0
2018-05-29,50922.0
2018-05-30,50590.0
2018-05-31,50098.0
2018-06-01,50213.0
2018-06-04,49928.0
2018-06-05,49958.0
2018-06-06,50040.0
2018-06-07,49851.0
2018-06-08,49650.0
2018-06-11,49638.0
2018-06-12,49100.0
2018-06-13,48973.0
2018-06-14,49065.0
2018-06-15,48468.0
2018-06-18,48286.0
2018-06-19,48102.0
2018-06-21,48478.0
2018-06-22,63274.0
2018-06-25,63213.0
2018-06-26,63162.0
2018-06-27,62994.0
2018-06-28,62950.0
2018-06-29,61881.0
2018-07-02,61234.0
2018-07-03,61093.0
2018-07-04,61085.0
2018-07-05,60943.0
2018-07-06,60922.0
2018-07-10,60683.0
2018-07-11,60547.0
2018-07-12,60712.0
2018-07-13,61322.0
2018-07-16,61308.0
2018-07-17,60950.0
2018-07-18,59921.0
2018-07-19,59711.0
2018-07-20,59738.0
2018-07-23,59434.0
2018-07-24,59112.0
2018-07-25,58800.0
2018-07-26,58536.0
2018-07-27,58095.0
2018-07-30,58087.0
2018-07-31,57996.0
2018-08-01,57828.0
2018-08-02,57741.0
2018-08-03,57799.0
2018-08-06,57689.0
2018-08-07,57657.0
2018-08-08,57580.0
2018-08-09,57519.0
2018-08-10,56874.0
2018-08-13,56623.0
2018-08-14,56258.0
2018-08-15,54648.0
2018-08-16,54655.0
2018-08-17,54796.0
2018-08-21,55032.0
2018-08-22,55076.0
2018-08-23,55083.0
2018-08-24,55340.0
2018-08-27,55144.0
2018-08-28,54697.0
2018-08-29,54303.0
2018-08-30,53794.0
2018-08-31,52658.0
2018-09-03,52390.0
2018-09-04,51446.0
2018-09-05,51056.0
2018-09-06,51144.0
2018-09-07,51214.0
2018-09-10,51090.0
2018-09-11,50996.0
2018-09-12,50616.0
2018-09-13,50532.0
2018-09-14,50008.0
2018-09-17,49614.0
2018-09-18,49220.0
2018-09-19,49029.0
2018-09-20,48982.0
2018-09-21,49569.0
2018-09-24,49541.0
2018-09-25,49602.0
2018-09-26,49568.0
2018-09-27,49556.0
2018-09-28,49003.0
2018-10-01,48855.0
2018-10-02,48912.0
2018-10-03,48963.0
2018-10-04,49014.0
2018-10-05,49141.0
2018-10-08,49013.0
2018-10-09,48886.0
2018-10-10,48766.0
2018-10-11,48877.0
2018-10-12,48543.0
2018-10-16,48449.0
2018-10-17,48268.0
2018-10-18,48492.0
2018-10-19,48585.0
2018-10-22,48496.0
2018-10-23,48564.0
2018-10-24,48477.0
2018-10-25,48285.0
2018-10-26,47993.0
2018-10-29,47867.0
2018-10-30,54040.0
2018-10-31,53955.0
2018-11-01,54220.0
2018-11-02,54255.0
2018-11-05,54066.0
2018-11-07,53376.0
2018-11-08,53242.0
2018-11-09,53063.0
2018-11-12,52988.0
2018-11-13,52926.0
2018-11-14,52832.0
2018-11-15,52698.0
2018-11-16,52198.0
2018-11-20,52055.0
2018-11-21,51826.0
2018-11-22,51830.0
2018-11-23,51736.0
2018-11-26,51585.0
2018-11-27,51443.0
2018-11-28,51450.0
2018-11-29,51193.0
2018-12-03,51296.0
2018-12-04,51122.0
2018-12-05,50272.0
2018-12-06,49995.0
2018-12-07,50065.0
2018-12-10,49846.0
2018-12-11,49788.0
2018-12-12,49885.0
2018-12-13,49922.0
2018-12-14,49887.0
2018-12-17,58606.0
2018-12-18,58642.0
2018-12-19,58711.0
2018-12-20,58580.0
2018-12-21,66324.0
2018-12-26,66447.0
2018-12-27,66112.0
2018-12-28,65786.0
2019-01-02,65825.0
2019-01-03,65817.0
2019-01-04,65716.0
2019-01-07,65736.0
2019-01-08,65818.0
2019-01-09,65946.0
2019-01-10,66042.0
2019-01-11,66036.0
2019-01-14,65961.0
2019-01-15,66020.0
2019-01-16,66165.0
2019-01-17,66257.0
2019-01-18,66429.0
2019-01-21,66418.0
2019-01-22,66490.0
2019-01-23,66621.0
2019-01-24,66519.0
2019-01-25,66413.0
2019-01-28,66429.0
2019-01-29,66449.0
2019-01-30,66409.0
2019-01-31,66811.0
2019-02-01,66843.0
2019-02-04,66845.0
2019-02-05,66962.0
2019-02-06,67001.0
2019-02-07,66980.0
2019-02-08,66894.0
2019-02-11,66783.0
2019-02-12,66918.0
2019-02-13,67054.0
2019-02-14,66955.0
2019-02-15,66925.0
2019-02-18,66972.0
2019-02-19,67012.0
2019-02-20,67034.0
2019-02-21,66984.0
2019-02-22,67010.0
2019-02-25,67044.0
2019-02-26,66993.0
2019-02-27,66986.0
2019-02-28,68015.0
2019-03-01,68345.0
2019-03-06,68352.0
2019-03-07,68421.0
2019-03-08,68578.0
2019-03-11,68526.0
2019-03-12,68488.0
2019-03-13,68483.0
2019-03-14,68392.0
2019-03-15,68285.0
2019-03-18,68303.0
2019-03-19,68250.0
2019-03-20,68312.0
2019-03-21,68204.0
2019-03-22,68043.0
2019-03-25,67509.0
2019-03-26,67183.0
2019-03-27,66870.0
2019-03-28,66414.0
2019-03-29,66187.0
2019-04-01,66213.0
2019-04-03,66263.0
2019-04-04,66375.0
2019-04-05,66623.0
2019-04-08,66662.0
2019-04-09,77481.0
2019-04-10,77334.0
2019-04-11,77095.0
2019-04-12,76985.0
2019-04-15,76894.0
2019-04-16,76794.0
2019-04-17,76663.0
2019-04-22,72803.0
2019-04-23,72559.0
2019-04-24,72330.0
2019-04-25,72087.0
2019-04-26,71903.0
2019-04-29,71747.0
2019-04-30,71663.0
2019-05-02,71529.0
2019-05-03,71295.0
2019-05-06,70860.0
2019-05-07,68931.0
2019-05-08,68758.0
2019-05-09,68431.0
2019-05-10,68114.0
2019-05-13,67800.0
2019-05-14,67461.0
2019-05-15,67306.0
2019-05-16,67244.0
2019-05-17,66998.0
2019-05-20,67063.0
2019-05-21,67103.0
2019-05-22,67071.0
2019-05-23,66491.0
2019-05-24,65598.0
2019-05-27,65581.0
2019-05-28,65219.0
2019-05-29,64681.0
2019-05-30,64744.0
2019-05-31,64779.0
2019-06-03,64782.0
2019-06-04,64751.0
2019-06-05,64661.0
2019-06-06,64660.0
2019-06-07,64757.0
2019-06-10,64699.0
2019-06-11,64764.0
2019-06-12,64676.0
2019-06-13,63781.0
2019-06-14,63782.0
2019-06-18,63981.0
2019-06-19,64059.0
2019-06-21,64640.0
2019-06-24,64442.0
2019-06-25,64296.0
2019-06-26,64394.0
2019-06-27,64308.0
2019-06-28,64278.0
2019-07-01,64148.0
2019-07-02,64123.0
2019-07-03,64108.0
2019-07-04,64095.0
2019-07-05,63743.0
2019-07-10,63561.0
2019-07-11,63670.0
2019-07-12,63697.0
2019-07-15,63568.0
2019-07-16,68732.0
2019-07-17,68761.0
2019-07-18,68747.0
2019-07-19,68600.0
2019-07-22,68334.0
2019-07-23,68338.0
2019-07-24,68317.0
2019-07-25,67966.0
2019-07-26,68071.0
2019-07-29,67994.0
2019-07-30,67951.0
2019-07-31,67899.0
2019-08-01,67760.0
2019-08-02,67559.0
2019-08-05,67043.0
2019-08-06,66464.0
2019-08-07,66399.0
2019-08-08,66370.0
2019-08-09,66309.0
2019-08-12,65736.0
2019-08-13,65042.0
2019-08-14,64233.0
2019-08-15,63712.0
2019-08-16,62404.0
2019-08-20,59394.0
2019-08-21,58894.0
2019-08-22,58410.0
2019-08-23,58267.0
2019-08-26,57918.0
2019-08-27,57477.0
2019-08-28,56953.0
2019-08-29,56044.0
2019-08-30,54100.0
2019-09-02,53146.0
2019-09-03,52151.0
2019-09-04,51741.0
2019-09-05,51295.0
2019-09-06,50952.0
2019-09-09,50646.0
2019-09-10,50378.0
2019-09-11,50236.0
2019-09-12,50163.0
2019-09-13,50089.0
2019-09-16,49973.0
2019-09-17,49881.0
2019-09-18,49818.0
2019-09-19,49729.0
2019-09-20,49602.0
2019-09-23,49498.0
2019-09-24,49444.0
2019-09-25,49312.0
2019-09-26,49231.0
2019-09-27,48941.0
2019-09-30,48703.0
2019-10-01,48488.0
2019-10-02,48346.0
2019-10-03,48248.0
2019-10-04,48177.0
2019-10-07,48075.0
2019-10-08,47957.0
2019-10-09,47916.0
2019-10-10,47855.0
2019-10-11,47859.0
2019-10-15,47780.0
2019-10-16,47647.0
2019-10-17,47596.0
2019-10-18,47445.0
2019-10-21,46886.0
2019-10-22,46593.0
2019-10-23,46145.0
2019-10-24,45171.0
2019-10-25,43551.0
2019-10-28,43406.0
2019-10-29,43311.0
2019-10-30,43273.0
2019-10-31,43260.0
2019-11-01,43292.0
2019-11-04,43324.0
2019-11-05,43381.0
2019-11-07,43106.0
2019-11-08,43338.0
2019-11-11,43272.0
2019-11-12,43418.0
2019-11-13,43474.0
2019-11-14,43558.0
2019-11-15,43508.0
2019-11-19,43533.0
2019-11-20,43498.0
2019-11-21,43538.0
2019-11-22,43589.0
2019-11-25,43692.0
2019-11-26,43739.0
2019-11-27,43765.0
2019-11-28,43736.0
2019-11-29,43772.0
2019-12-02,43731.0
2019-12-03,43750.0
2019-12-04,43748.0
2019-12-05,43731.0
2019-12-06,43797.0
2019-12-09,43787.0
2019-12-10,43785.0
2019-12-11,43912.0
2019-12-12,44089.0
2019-12-13,44248.0
2019-12-16,44225.0
2019-12-17,44294.0
2019-12-18,44320.0
2019-12-19,44561.0
2019-12-20,44788.0
2019-12-23,44839.0
2019-12-26,45093.0
2019-12-27,45190.0
2019-12-30,44848.0
2020-01-02,44839.0
2020-01-03,44872.0
2020-01-06,44904.0
2020-01-07,45080.0
2020-01-08,45162.0
2020-01-09,45419.0
2020-01-10,45376.0
2020-01-13,45317.0
2020-01-14,45078.0
2020-01-15,45291.0
2020-01-16,45364.0
2020-01-17,45492.0
2020-01-20,45457.0
2020-01-21,45363.0
2020-01-22,45421.0
2020-01-23,45387.0
2020-01-24,45243.0
2020-01-27,45158.0
2020-01-28,45105.0
2020-01-29,45064.0
2020-01-30,45014.0
2020-01-31,44917.0
2020-02-03,44770.0
2020-02-04,44632.0
2020-02-05,44645.0
2020-02-06,44666.0
2020-02-07,44675.0
2020-02-10,44682.0
2020-02-11,44688.0
2020-02-12,44701.0
2020-02-13,44719.0
2020-02-14,44744.0
2020-02-17,44758.0
2020-02-18,44719.0
2020-02-19,44705.0
2020-02-20,44717.0
2020-02-21,44726.0
2020-02-26,44710.0
2020-02-27,44791.0
2020-02-28,44791.0
2020-03-02,44803.0
2020-03-03,44819.0
2020-03-04,44832.0
2020-03-05,44838.0
2020-03-06,44857.0
2020-03-09,44778.0
2020-03-10,44785.0
2020-03-11,44775.0
2020-03-12,44439.0
2020-03-13,44359.0
2020-03-16,44308.0
2020-03-17,44236.0
2020-03-18,44040.0
2020-03-19,43925.0
2020-03-20,43822.0
2020-03-25,43854.0
2020-03-26,43862.0
2020-03-27,43728.0
2020-03-30,43561.0
2020-04-01,43588.0
2020-04-02,43631.0
2020-04-03,43650.0
2020-04-06,43702.0
2020-04-07,43724.0
2020-04-08,43804.0
2020-04-13,43862.0
2020-04-14,43886.0
2020-04-15,43844.0
2020-04-16,43852.0
2020-04-17,43817.0
2020-04-20,43826.0
2020-04-21,43780.0
2020-04-22,43735.0
2020-04-23,43751.0
2020-04-24,43696.0
2020-04-27,43646.0
2020-04-28,43590.0
2020-04-29,43545.0
2020-04-30,43568.0
2020-05-04,43565.0
2020-05-05,43589.0
2020-05-06,43400.0
2020-05-07,43411.0
2020-05-08,43415.0
2020-05-11,43348.0
2020-05-12,43351.0
2020-05-13,43263.0
2020-05-14,43215.0
2020-05-15,43137.0
2020-05-18,43047.0
2020-05-19,42980.0
2020-05-20,42949.0
2020-05-21,42839.0
2020-05-22,42738.0
2020-05-26,42629.0
2020-05-27,42499.0
2020-05-28,42448.0
2020-05-29,42589.0
2020-06-01,42609.0
2020-06-02,42660.0
2020-06-03,42670.0
2020-06-04,42748.0
2020-06-05,42814.0
2020-06-08,42883.0
2020-06-09,42988.0
2020-06-10,43041.0
2020-06-11,43122.0
2020-06-12,43126.0
2020-06-16,43170.0
2020-06-17,43172.0
2020-06-18,43123.0
2020-06-19,43178.0
2020-06-22,43202.0
2020-06-23,43213.0
2020-06-24,43217.0
2020-06-25,43197.0
2020-06-26,43200.0
2020-06-29,43201.0
2020-06-30,43242.0
2020-07-01,43219.0
2020-07-02,43203.0
2020-07-03,43219.0
2020-07-06,43253.0
2020-07-07,43240.0
2020-07-08,43246.0
2020-07-13,43276.0
2020-07-14,43307.0
2020-07-15,43346.0
2020-07-16,43356.0
2020-07-17,43362.0
2020-07-20,43389.0
2020-07-21,43399.0
2020-07-22,43379.0
2020-07-23,43349.0
2020-07-24,43360.0
2020-07-27,43384.0
2020-07-28,43433.0
2020-07-29,43387.0
2020-07-30,43340.0
2020-07-31,43386.0
2020-08-03,43348.0
2020-08-04,43409.0
2020-08-05,43374.0
2020-08-06,43344.0
2020-08-07,43303.0
2020-08-10,43332.0
2020-08-11,43302.0
2020-08-12,43253.0
2020-08-13,43207.0
2020-08-14,43122.0
2020-08-18,43160.0
2020-08-19,43115.0
2020-08-20,43092.0
2020-08-21,43048.0
2020-08-24,43047.0
2020-08-25,42983.0
2020-08-26,42962.0
2020-08-27,42896.0
2020-08-28,42914.0
2020-08-31,42842.0
2020-09-01,42700.0
2020-09-02,42640.0
2020-09-03,42613.0
2020-09-04,42617.0
2020-09-07,42643.0
2020-09-08,42638.0
2020-09-09,42570.0
2020-09-10,42549.0
2020-09-11,42452.0
2020-09-14,42501.0
2020-09-15,42495.0
2020-09-16,42521.0
2020-09-17,42473.0
2020-09-18,42428.0
2020-09-21,42248.0
2020-09-22,42226.0
2020-09-23,42177.0
2020-09-24,42118.0
2020-09-25,41970.0
2020-09-28,41874.0
2020-09-29,41751.0
2020-09-30,41379.0
2020-10-01,41369.0
2020-10-02,41252.0
2020-10-05,41172.0
2020-10-06,41129.0
2020-10-07,41132.0
2020-10-08,41092.0
2020-10-09,41026.0
2020-10-13,40837.0
2020-10-14,40847.0
2020-10-15,40777.0
2020-10-16,40785.0
2020-10-19,40794.0
2020-10-20,40812.0
2020-10-21,40800.0
2020-10-22,40668.0
2020-10-23,40498.0
2020-10-26,40239.0
2020-10-27,40140.0
2020-10-28,39866.0
2020-10-29,39826.0
2020-10-30,39856.0
2020-11-02,39875.0
2020-11-03,39882.0
2020-11-04,39819.0
2020-11-05,39524.0
2020-11-09,39316.0
2020-11-10,39322.0
2020-11-11,39259.0
2020-11-12,39191.0
2020-11-13,39101.0
2020-11-16,39115.0
2020-11-17,39116.0
2020-11-18,39069.0
2020-11-19,38939.0
2020-11-20,38945.0
2020-11-24,38731.0
2020-11-25,38746.0
2020-11-26,38747.0
2020-11-27,38705.0
2020-11-30,38652.0
2020-12-01,38619.0
2020-12-02,38622.0
2020-12-03,38652.0
2020-12-04,38661.0
2020-12-09,38710.0
2020-12-10,38744.0
2020-12-11,38750.0
2020-12-14,38761.0
2020-12-15,38777.0
2020-12-16,38794.0
2020-12-17,38828.0
2020-12-18,38835.0
2020-12-21,38899.0
2020-12-22,39009.0
2020-12-23,39216.0
2020-12-28,39236.0
2020-12-29,39281.0
2020-12-30,39387.0
2021-01-04,39501.0
2021-01-05,39540.0
2021-01-06,39546.0
2021-01-07,39556.0
2021-01-08,39462.0
2021-01-11,39605.0
2021-01-12,39708.0
2021-01-13,39765.0
2021-01-14,39791.0
2021-01-15,39808.0
2021-01-18,39812.0
2021-01-19,39779.0
2021-01-20,39741.0
2021-01-21,39757.0
2021-01-22,39687.0
2021-01-25,39690.0
2021-01-26,39627.0
2021-01-27,39450.0
2021-01-28,39482.0
2021-01-29,39515.0
2021-02-01,39460.0
2021-02-02,39453.0
2021-02-03,39473.0
2021-02-04,39134.0
2021-02-05,39174.0
2021-02-08,39233.0
2021-02-09,39270.0
2021-02-10,39278.0
2021-02-11,39359.0
2021-02-12,39369.0
2021-02-17,39399.0
2021-02-18,39310.0
2021-02-19,39425.0
2021-02-22,39476.0
2021-02-23,39498.0
2021-02-24,39506.0
2021-02-25,39517.0
2021-02-26,39518.0
2021-03-01,39617.0
2021-03-02,39654.0
2021-03-03,39718.0
2021-03-04,39784.0
2021-03-05,39799.0
2021-03-08,39729.0
2021-03-09,39747.0
2021-03-10,39750.0
2021-03-11,39807.0
2021-03-12,39823.0
2021-03-15,39865.0
2021-03-16,39881.0
2021-03-17,39834.0
2021-03-18,39774.0
2021-03-19,39728.0
2021-03-22,39651.0
2021-03-23,39679.0
2021-03-25,39610.0
2021-03-26,39539.0
2021-03-29,39471.0
2021-03-30,39520.0
2021-03-31,39593.0
2021-04-05,39645.0
2021-04-06,39709.0
2021-04-07,39751.0
2021-04-08,39801.0
2021-04-09,39850.0
2021-04-12,39922.0
2021-04-13,39998.0
2021-04-14,40020.0
2021-04-15,40070.0
2021-04-16,40078.0
2021-04-19,40146.0
2021-04-20,40187.0
2021-04-21,40208.0
2021-04-22,40220.0
2021-04-23,40257.0
2021-04-26,40271.0
2021-04-27,40330.0
2021-04-28,40339.0
2021-04-29,40357.0
2021-04-30,40263.0
2021-05-03,40360.0
2021-05-04,40433.0
2021-05-05,40493.0
2021-05-06,40300.0
2021-05-07,40454.0
2021-05-10,40616.0
2021-05-11,40762.0
2021-05-12,40880.0
2021-05-13,40947.0
2021-05-14,41002.0
2021-05-17,41266.0
2021-05-18,41376.0
2021-05-19,41483.0
2021-05-20,41517.0
2021-05-21,41591.0
2021-05-26,41715.0
2021-05-27,41785.0
2021-05-28,41888.0
2021-05-31,41872.0
2021-06-01,41964.0
2021-06-02,42066.0
2021-06-03,42122.0
2021-06-04,42202.0
2021-06-07,42292.0
2021-06-08,42430.0
2021-06-09,42618.0
2021-06-10,42658.0
2021-06-11,42697.0
2021-06-14,42720.0
2021-06-15,42665.0
2021-06-16,42692.0
2021-06-17,42397.0
2021-06-18,42407.0
2021-06-22,42376.0
2021-06-23,42402.0
2021-06-24,42414.0
2021-06-25,42420.0
2021-06-28,42420.0
2021-06-29,42366.0
2021-06-30,42437.0
2021-07-01,42494.0
2021-07-02,42641.0
2021-07-05,42678.0
2021-07-06,42727.0
2021-07-07,42759.0
2021-07-08,42750.0
2021-07-12,42845.0
2021-07-13,42925.0
2021-07-14,42964.0
2021-07-15,42991.0
2021-07-16,42931.0
2021-07-19,42943.0
2021-07-20,43012.0
2021-07-21,43075.0
2021-07-22,43091.0
2021-07-23,43108.0
2021-07-26,43025.0
2021-07-27,42836.0
2021-07-28,42654.0
2021-07-29,42668.0
2021-07-30,42582.0
2021-08-02,42504.0
2021-08-03,42503.0
2021-08-04,42548.0
2021-08-05,42207.0
2021-08-06,42063.0
2021-08-09,42002.0
2021-08-10,41941.0
2021-08-11,41951.0
2021-08-12,41973.0
2021-08-13,41983.0
2021-08-17,41989.0
2021-08-18,41998.0
2021-08-19,42030.0
2021-08-20,42048.0
2021-08-23,46306.0
2021-08-24,46318.0
2021-08-25,46278.0
2021-08-26,46188.0
2021-08-27,46199.0
2021-08-30,46154.0
2021-08-31,46180.0
2021-09-01,46094.0
2021-09-02,46024.0
2021-09-03,46033.0
2021-09-06,45985.0
2021-09-07,45896.0
2021-09-08,45806.0
2021-09-09,45726.0
2021-09-10,45762.0
2021-09-13,45778.0
2021-09-14,45817.0
2021-09-15,45682.0
2021-09-16,45525.0
2021-09-17,45335.0
2021-09-20,45230.0
2021-09-21,45170.0
2021-09-22,43178.0
2021-09-23,43134.0
2021-09-24,43132.0
2021-09-27,43140.0
2021-09-28,43089.0
2021-09-29,42895.0
2021-09-30,42911.0
2021-10-01,42850.0
2021-10-04,42825.0
2021-10-05,42719.0
2021-10-06,42796.0
2021-10-07,42848.0
2021-10-12,42898.0
2021-10-13,43004.0
2021-10-14,43020.0
2021-10-15,42932.0
2021-10-18,42944.0
2021-10-19,42984.0
2021-10-20,42989.0
2021-10-21,43006.0
2021-10-22,43038.0
2021-10-25,43059.0
2021-10-26,43070.0
2021-10-27,43040.0
2021-10-28,43010.0
2021-10-29,42817.0
2021-11-01,42782.0
2021-11-02,42749.0
2021-11-03,42658.0
2021-11-04,42577.0
2021-11-05,42791.0
2021-11-08,42797.0
2021-11-09,42880.0
2021-11-10,42791.0
2021-11-11,42798.0
2021-11-12,42608.0
2021-11-15,42523.0
2021-11-16,42461.0
2021-11-17,42500.0
2021-11-18,42361.0
2021-11-19,42275.0
2021-11-23,42153.0
2021-11-24,42233.0
2021-11-25,42238.0
2021-11-26,42182.0
2021-11-29,42039.0
2021-11-30,41530.0
2021-12-01,41539.0
2021-12-02,41445.0
2021-12-03,41293.0
2021-12-06,41300.0
2021-12-07,41250.0
2021-12-09,41161.0
2021-12-10,41181.0
2021-12-13,41199.0
2021-12-14,41171.0
2021-12-15,41105.0
2021-12-16,41114.0
2021-12-17,41119.0
2021-12-20,41107.0
2021-12-21,41110.0
2021-12-22,39153.0
2021-12-23,39156.0
2021-12-27,39174.0
2021-12-28,39182.0
2021-12-29,39127.0
2021-12-30,39662.0
2022-01-03,39596.0
2022-01-04,39575.0
2022-01-05,39587.0
2022-01-06,39466.0
2022-01-07,39122.0
2022-01-10,39172.0
2022-01-11,39191.0
2022-01-12,39200.0
2022-01-13,39205.0
2022-01-14,39133.0
2022-01-17,39141.0
2022-01-18,39091.0
2022-01-19,39033.0
2022-01-20,38944.0
2022-01-21,38945.0
2022-01-24,38951.0
2022-01-25,38952.0
2022-01-26,38872.0
2022-01-27,38517.0
2022-01-28,37622.0
2022-01-31,37589.0
2022-02-01,37560.0
2022-02-02,37562.0
2022-02-03,37565.0
2022-02-04,37189.0
2022-02-07,37213.0
2022-02-08,37218.0
2022-02-09,37230.0
2022-02-10,37233.0
2022-02-11,37241.0
2022-02-14,37265.0
2022-02-15,37281.0
2022-02-16,37306.0
2022-02-17,37317.0
2022-02-18,37353.0
2022-02-21,37322.0
2022-02-22,37260.0
2022-02-23,37235.0
2022-02-24,37079.0
2022-02-25,37018.0
2022-03-02,37045.0
2022-03-03,37067.0
2022-03-04,37107.0
2022-03-07,37329.0
2022-03-08,37380.0
2022-03-09,37313.0
2022-03-10,37321.0
2022-03-11,37262.0
2022-03-14,37221.0
2022-03-15,37031.0
2022-03-16,37064.0
2022-03-17,37039.0
2022-03-18,37014.0
2022-03-21,37018.0
2022-03-22,37020.0
2022-03-23,37075.0
2022-03-25,43321.0
2022-03-28,43247.0
2022-03-29,43160.0
2022-03-30,43187.0
2022-03-31,43137.0
2022-04-01,43074.0
2022-04-04,43126.0
2022-04-05,43141.0
2022-04-06,43182.0
2022-04-07,43229.0
2022-04-08,43236.0
2022-04-11,43239.0
2022-04-12,43319.0
2022-04-13,43303.0
2022-04-18,43311.0
2022-04-19,43224.0
2022-04-20,43136.0
2022-04-21,43065.0
2022-04-22,42867.0
2022-04-25,42638.0
2022-04-26,42646.0
2022-04-27,42557.0
2022-04-28,42465.0
2022-04-29,42007.0
2022-05-02,42067.0
2022-05-03,42121.0
2022-05-04,42172.0
2022-05-05,41797.0
2022-05-06,41816.0
2022-05-09,41629.0
2022-05-10,41620.0
2022-05-11,41625.0
2022-05-12,41342.0
2022-05-13,41290.0
2022-05-16,41358.0
2022-05-17,41396.0
2022-05-19,41486.0
2022-05-20,41541.0
2022-05-23,41647.0
2022-05-24,41654.0
2022-05-26,41466.0
2022-05-27,41544.0
2022-05-30,41650.0
2022-05-31,41561.0
2022-06-01,41573.0
2022-06-02,41600.0
2022-06-03,41613.0
2022-06-06,41622.0
2022-06-07,41642.0
2022-06-08,41621.0
2022-06-09,41627.0
2022-06-10,41597.0
2022-06-13,41352.0
2022-06-14,41231.0
2022-06-15,41096.0
2022-06-16,40903.0
2022-06-21,40011.0
2022-06-22,38231.0
2022-06-23,38085.0
2022-06-24,38006.0
2022-06-27,38119.0
2022-06-28,42164.0
2022-06-29,42472.0
2022-06-30,42787.0
2022-07-01,42358.0
2022-07-04,42367.0
2022-07-05,42316.0
2022-07-06,42275.0
2022-07-07,42211.0
2022-07-08,40455.0
2022-07-11,40457.0
2022-07-12,40397.0
2022-07-13,40403.0
2022-07-14,40132.0
2022-07-15,40147.0
2022-07-18,40014.0
2022-07-19,39864.0
2022-07-20,39747.0
2022-07-21,39681.0
2022-07-22,39718.0
2022-07-25,39760.0
2022-07-26,39464.0
2022-07-27,39354.0
2022-07-28,39217.0
2022-07-29,38232.0
2022-08-01,38039.0
2022-08-02,38010.0
2022-08-03,37819.0
2022-08-04,37334.0
2022-08-05,37213.0
2022-08-08,37155.0
2022-08-09,37054.0
2022-08-10,37081.0
2022-08-11,37010.0
2022-08-12,37018.0
2022-08-16,36867.0
2022-08-17,36952.0
2022-08-18,37122.0
2022-08-19,37066.0
2022-08-22,36981.0
2022-08-23,37024.0
2022-08-24,37004.0
2022-08-25,37027.0
2022-08-26,36932.0
2022-08-29,36841.0
2022-08-30,36846.0
2022-08-31,36734.0
2022-09-01,36642.0
2022-09-05,36577.0
2022-09-06,36630.0
2022-09-07,36861.0
2022-09-08,37284.0
2022-09-09,37508.0
2022-09-12,37652.0
2022-09-13,37753.0
2022-09-14,37922.0
2022-09-15,37916.0
2022-09-16,38120.0
2022-09-19,38251.0
2022-09-20,38341.0
2022-09-21,37593.0
2022-09-22,36141.0
2022-09-23,36075.0
2022-09-26,36309.0
2022-09-27,36570.0
2022-09-28,36839.0
2022-09-29,37278.0
2022-09-30,37625.0
2022-10-03,37671.0
2022-10-04,37752.0
2022-10-05,37832.0
2022-10-06,36547.0
2022-10-11,40123.0
2022-10-12,40074.0
2022-10-13,40052.0
2022-10-14,39263.0
2022-10-17,39192.0
2022-10-18,39200.0
2022-10-19,39085.0
2022-10-20,39788.0
2022-10-21,39737.0
2022-10-24,39666.0
2022-10-25,39679.0
2022-10-26,39697.0
2022-10-27,39706.0
2022-10-28,38940.0
2022-10-31,38676.0
2022-11-01,38746.0
2022-11-02,38653.0
2022-11-03,38485.0
2022-11-04,38266.0
2022-11-07,38014.0
2022-11-08,37837.0
2022-11-09,37828.0
2022-11-10,37803.0
2022-11-11,38086.0
2022-11-14,38007.0
2022-11-15,37867.0
2022-11-16,37790.0
2022-11-17,37617.0
2022-11-18,37564.0
2022-11-22,37588.0
2022-11-23,37604.0
2022-11-24,37622.0
2022-11-25,37538.0
2022-11-28,37658.0
2022-11-29,37861.0
2022-11-30,38009.0
2022-12-01,38188.0
2022-12-02,38294.0
2022-12-05,38568.0
2022-12-06,38702.0
2022-12-07,39007.0
2022-12-12,39594.0
2022-12-13,39681.0
2022-12-14,39694.0
2022-12-15,39637.0
2022-12-16,39794.0
2022-12-19,39797.0
2022-12-20,39898.0
2022-12-21,39057.0
2022-12-22,43267.0
2022-12-23,43470.0
2022-12-26,43545.0
2022-12-27,43655.0
2022-12-28,43802.0
2022-12-29,44170.0
2022-12-30,44598.0
2023-01-02,44608.0
2023-01-03,44613.0
2023-01-04,44694.0
2023-01-05,44838.0
2023-01-06,44432.0
2023-01-09,43371.0
2023-01-10,43395.0
2023-01-11,43406.0
2023-01-12,43534.0
2023-01-13,43115.0
2023-01-16,42987.0
2023-01-17,42890.0
2023-01-18,42845.0
2023-01-19,42816.0
2023-01-20,42710.0
2023-01-23,42659.0
2023-01-24,42649.0
2023-01-25,42481.0
2023-01-26,42274.0
2023-01-27,42265.0
2023-01-30,41518.0
2023-01-31,41417.0
2023-02-01,41379.0
2023-02-02,41314.0
2023-02-03,41022.0
2023-02-06,40288.0
2023-02-07,40287.0
2023-02-08,40169.0
2023-02-09,40076.0
2023-02-10,40012.0
2023-02-13,40008.0
2023-02-14,40009.0
2023-02-15,39561.0
2023-02-16,39514.0
2023-02-17,39335.0
2023-02-22,39261.0
2023-02-23,39183.0
2023-02-24,39006.0
2023-02-27,39045.0
2023-02-28,38709.0
2023-03-01,38722.0
2023-03-02,38584.0
2023-03-03,38598.0
2023-03-06,38517.0
2023-03-07,38323.0
2023-03-08,38272.0
2023-03-09,38180.0
2023-03-10,38208.0
2023-03-13,38331.0
2023-03-14,38142.0
2023-03-15,37783.0
2023-03-16,37712.0
2023-03-17,37672.0
2023-03-20,38008.0
2023-03-21,37837.0
2023-03-22,37596.0
2023-03-23,37606.0
2023-03-27,37161.0
2023-03-28,37076.0
2023-03-29,36851.0
2023-03-30,36509.0
2023-03-31,39060.0
2023-04-03,38809.0
2023-04-04,38777.0
2023-04-05,38662.0
2023-04-10,37210.0
2023-04-11,37218.0
2023-04-12,37224.0
2023-04-13,37538.0
2023-04-14,36901.0
2023-04-17,36731.0
2023-04-18,36638.0
2023-04-19,36365.0
2023-04-20,36413.0
2023-04-21,36503.0
2023-04-24,36569.0
2023-04-25,36478.0
2023-04-26,36354.0
2023-04-27,36104.0
2023-04-28,35001.0
2023-05-02,35080.0
2023-05-03,34891.0
2023-05-04,34130.0
2023-05-05,34008.0
2023-05-08,33944.0
2023-05-09,33850.0
2023-05-10,33723.0
2023-05-11,33631.0
2023-05-12,33588.0
2023-05-15,33481.0
2023-05-16,33350.0
2023-05-17,33298.0
2023-05-18,33132.0
2023-05-19,33159.0
2023-05-22,33062.0
2023-05-23,32910.0
2023-05-24,32966.0
2023-05-29,32883.0
2023-05-30,32813.0
2023-05-31,33001.0
2023-06-01,33067.0
2023-06-02,32998.0
2023-06-05,33011.0
2023-06-06,32871.0
2023-06-07,32725.0
2023-06-08,32680.0
2023-06-09,32488.0
2023-06-12,32363.0
2023-06-13,32366.0
2023-06-14,32336.0
2023-06-15,32141.0
2023-06-16,31852.0
2023-06-21,31616.0
2023-06-22,31455.0
2023-06-23,31279.0
2023-06-26,31154.0
2023-06-27,31026.0
2023-06-28,30859.0
2023-06-29,30785.0
2023-06-30,27926.0
2023-07-03,27898.0
2023-07-04,27721.0
2023-07-05,27529.0
2023-07-06,27436.0
2023-07-07,26616.0
2023-07-10,26550.0
2023-07-11,26416.0
2023-07-12,26335.0
2023-07-13,26189.0
2023-07-14,26036.0
2023-07-17,25849.0
2023-07-18,25765.0
2023-07-19,25501.0
2023-07-20,25441.0
2023-07-21,25210.0
2023-07-24,25280.0
2023-07-25,25350.0
2023-07-26,25258.0
2023-07-27,25349.0
2023-07-28,25651.0
2023-07-31,24092.0
2023-08-01,24042.0
2023-08-02,24020.0
2023-08-03,24146.0
2023-08-04,24372.0
2023-08-07,24268.0
2023-08-08,24129.0
2023-08-09,23891.0
2023-08-10,23828.0
2023-08-11,23671.0
2023-08-14,23762.0
2023-08-15,23667.0
2023-08-16,23612.0
2023-08-17,23721.0
2023-08-18,23637.0
2023-08-22,23639.0
2023-08-23,29004.0
2023-08-24,28995.0
2023-08-25,27955.0
2023-08-28,28011.0
2023-08-29,28035.0
2023-08-30,27942.0
2023-08-31,27818.0
2023-09-01,27824.0
2023-09-04,27775.0
2023-09-05,27679.0
2023-09-06,27630.0
2023-09-07,27651.0
2023-09-08,27686.0
2023-09-11,27737.0
2023-09-12,27767.0
2023-09-13,27786.0
2023-09-14,27784.0
2023-09-15,27530.0
2023-09-18,27470.0
2023-09-19,27438.0
2023-09-20,27425.0
2023-09-21,27342.0
2023-09-22,27254.0
2023-09-25,27204.0
2023-09-26,27152.0
2023-09-27,27057.0
2023-09-28,27068.0
2023-09-29,26925.0
2023-10-02,26634.0
2023-10-03,26558.0
2023-10-04,26470.0
2023-10-05,26382.0
2023-10-06,26262.0
2023-10-09,26269.0
2023-10-10,26059.0
2023-10-11,25772.0
2023-10-12,25225.0
2023-10-17,24995.0
2023-10-18,24789.0
2023-10-19,24793.0
2023-10-20,24543.0
2023-10-23,24553.0
2023-10-24,24556.0
2023-10-25,24499.0
2023-10-26,24553.0
2023-10-27,24561.0
2023-10-30,24614.0
2023-10-31,22559.0
2023-11-01,21876.0
2023-11-02,21878.0
2023-11-03,21883.0
2023-11-07,20928.0
2023-11-08,20938.0
2023-11-09,20950.0
2023-11-10,20905.0
2023-11-13,20977.0
2023-11-14,21167.0
2023-11-15,21102.0
2023-11-16,21403.0
2023-11-17,21505.0
2023-11-21,21631.0
2023-11-22,21539.0
2023-11-23,21554.0
2023-11-24,21551.0
2023-11-27,21538.0
2023-11-28,21535.0
2023-11-29,21603.0
2023-11-30,21513.0
2023-12-01,21428.0
2023-12-04,21329.0
2023-12-05,21345.0
2023-12-06,21168.0
2023-12-07,21209.0
2023-12-11,21017.0
2023-12-12,20920.0
2023-12-13,21133.0
2023-12-14,21499.0
2023-12-15,21451.0
2023-12-18,21477.0
2023-12-19,22663.0
2023-12-20,22758.0
2023-12-21,22209.0
2023-12-22,22581.0
2023-12-26,22571.0
2023-12-27,22763.0
2023-12-28,23125.0
2023-12-29,23073.0
2024-01-02,23470.0
2024-01-03,23677.0
2024-01-04,23835.0
2024-01-05,24119.0
2024-01-08,23233.0
2024-01-09,23286.0
2024-01-10,23411.0
2024-01-11,23571.0
2024-01-12,23980.0
2024-01-15,24001.0
2024-01-16,23972.0
2024-01-17,24167.0
2024-01-18,24300.0
2024-01-19,24427.0
2024-01-22,24488.0
2024-01-23,24675.0
2024-01-24,24848.0
2024-01-25,24859.0
2024-01-26,25007.0
2024-01-29,25158.0
2024-01-30,25105.0
2024-01-31,27642.0
2024-02-01,27072.0
2024-02-02,27016.0
2024-02-05,26991.0
2024-02-06,26414.0
2024-02-07,26483.0
2024-02-08,26377.0
2024-02-09,26502.0
2024-02-14,26603.0
2024-02-15,26641.0
2024-02-16,26860.0
2024-02-19,26859.0
2024-02-20,27104.0
2024-02-21,27140.0
2024-02-22,27347.0
2024-02-23,27485.0
2024-02-26,27490.0
2024-02-27,27558.0
2024-02-28,27597.0
2024-02-29,26690.0
2024-03-01,27334.0
2024-03-04,27641.0
2024-03-05,27755.0
2024-03-06,27854.0
2024-03-07,28049.0
2024-03-08,28221.0
2024-03-11,28296.0
2024-03-12,28272.0
2024-03-13,28488.0
2024-03-14,28489.0
2024-03-15,28209.0
2024-03-18,28176.0
2024-03-19,27979.0
2024-03-20,28041.0
2024-03-21,28107.0
2024-03-22,28025.0
2024-03-25,28266.0
2024-03-26,27644.0
2024-03-27,27127.0
2024-04-03,27882.0
2024-04-04,28400.0
2024-04-05,28765.0
2024-04-08,28904.0
2024-04-09,29043.0
2024-04-10,29047.0
2024-04-11,29181.0
2024-04-12,29321.0
2024-04-15,29240.0
2024-04-16,29360.0
2024-04-17,29471.0
2024-04-18,29717.0
2024-04-19,29850.0
2024-04-22,29907.0
2024-04-23,29899.0
2024-04-24,30023.0
2024-04-25,30096.0
2024-04-26,30141.0
2024-04-29,29869.0
2024-04-30,27578.0
2024-05-02,28200.0
2024-05-03,28381.0
2024-05-06,27688.0
2024-05-07,27791.0
2024-05-08,27967.0
2024-05-09,28037.0
2024-05-10,28361.0
2024-05-13,28325.0
2024-05-14,28368.0
2024-05-15,28271.0
2024-05-16,28576.0
2024-05-17,28801.0
2024-05-20,28899.0
2024-05-21,29062.0
2024-05-22,29081.0
2024-05-23,29005.0
2024-05-24,29116.0
2024-05-27,29157.0
2024-05-28,29186.0
2024-05-29,29191.0
2024-05-30,29066.0
2024-05-31,28664.0
2024-06-03,29134.0
2024-06-04,29289.0
2024-06-05,29368.0
2024-06-06,29415.0
2024-06-07,29300.0
2024-06-10,29237.0
2024-06-11,29212.0
2024-06-12,29268.0
2024-06-13,29277.0
2024-06-14,29172.0
2024-06-18,29959.0
2024-06-19,29946.0
2024-06-24,29716.0
2024-06-25,29783.0
2024-06-26,29886.0
2024-06-27,29747.0
2024-06-28,29022.0
2024-07-01,29615.0
2024-07-02,29646.0
2024-07-03,29812.0
2024-07-04,29819.0
2024-07-05,29950.0
2024-07-08,28348.0
2024-07-10,28098.0
2024-07-11,28235.0
2024-07-12,28282.0
2024-07-15,28177.0
2024-07-16,27623.0
2024-07-17,27583.0
2024-07-18,27607.0
2024-07-19,27565.0
2024-07-22,27425.0
2024-07-23,27437.0
2024-07-24,27532.0
2024-07-25,27330.0
2024-07-26,27311.0
2024-07-29,27132.0
2024-07-30,26997.0
2024-07-31,26402.0
2024-08-01,27069.0
2024-08-02,27571.0
2024-08-05,28191.0
2024-08-06,27310.0
2024-08-07,27231.0
2024-08-08,27376.0
2024-08-09,27391.0
2024-08-12,27473.0
2024-08-13,27585.0
2024-08-14,27571.0
2024-08-15,27419.0
2024-08-16,27541.0
2024-08-19,27512.0
2024-08-20,27674.0
2024-08-21,27662.0
2024-08-22,27658.0
2024-08-23,27845.0
2024-08-26,27874.0
2024-08-27,27954.0
2024-08-28,27861.0
2024-08-29,27767.0
2024-08-30,26719.0
2024-09-02,26651.0
2024-09-03,27377.0
2024-09-04,27354.0
2024-09-05,27436.0
2024-09-06,27464.0
2024-09-09,27400.0
2024-09-10,27244.0
2024-09-11,27219.0
2024-09-12,27316.0
2024-09-13,27420.0
2024-09-16,26940.0
2024-09-17,26909.0
2024-09-18,27011.0
2024-09-19,27129.0
2024-09-20,27264.0
2024-09-23,27343.0
2024-09-24,28241.0
2024-09-25,28834.0
2024-09-26,29164.0
2024-09-27,29174.0
2024-09-30,27172.0
2024-10-01,28461.0
2024-10-02,29138.0
2024-10-03,29231.0
2024-10-04,28313.0
2024-10-07,28557.0
2024-10-08,28388.0
2024-10-09,28346.0
2024-10-10,28632.0
2024-10-14,28702.0
2024-10-15,28271.0
2024-10-16,28294.0
2024-10-17,28273.0
2024-10-18,28488.0
2024-10-21,28314.0
2024-10-22,28416.0
2024-10-23,28511.0
2024-10-24,29057.0
2024-10-25,29163.0
2024-10-28,29368.0
2024-10-29,29669.0
2024-10-30,29863.0
2024-10-31,28618.0
2024-11-01,29603.0
2024-11-04,30182.0
2024-11-05,30432.0
2024-11-07,29668.0
2024-11-08,29838.0
2024-11-11,29859.0
2024-11-12,29962.0
2024-11-13,30023.0
2024-11-14,30193.0
2024-11-15,29878.0
2024-11-19,30274.0
2024-11-20,30494.0
2024-11-21,30845.0
2024-11-22,30874.0
2024-11-25,30879.0
2024-11-26,30928.0
2024-11-27,31484.0
2024-11-28,31637.0
2024-11-29,30214.0
2024-12-02,31314.0
2024-12-03,31240.0
2024-12-04,31266.0
2024-12-05,31534.0
2024-12-06,31531.0
2024-12-09,31512.0
2024-12-10,31619.0
2024-12-11,31988.0
2024-12-12,31849.0
2024-12-13,31937.0
2024-12-16,31744.0
2024-12-17,32257.0
2024-12-18,32255.0
2024-12-19,32243.0
2024-12-20,32864.0
2024-12-23,32688.0
2024-12-26,32413.0
2024-12-27,31524.0
2024-12-30,29640.0
2025-01-02,31706.0
2025-01-03,32774.0
2025-01-06,32805.0
2025-01-07,32903.0
2025-01-08,31176.0
2025-01-09,30904.0
2025-01-10,31038.0
2025-01-13,30835.0
2025-01-14,30704.0
2025-01-15,30624.0
2025-01-16,30707.0
2025-01-17,30518.0
2025-01-20,30593.0
2025-01-21,30282.0
2025-01-22,30140.0
2025-01-23,29838.0
2025-01-24,29970.0
2025-01-27,29834.0
2025-01-28,29802.0
2025-01-29,29648.0
2025-01-30,29429.0
2025-01-31,28310.0
2025-02-03,29453.0
2025-02-04,29427.0
2025-02-05,29354.0
2025-02-06,28743.0
2025-02-07,28889.0
2025-02-10,28938.0
2025-02-11,28898.0
2025-02-12,28925.0
2025-02-13,28894.0
2025-02-14,28801.0
2025-02-17,28747.0
2025-02-18,28405.0
2025-02-19,28362.0
2025-02-20,28578.0
2025-02-21,28495.0
2025-02-24,28603.0
2025-02-25,28685.0
2025-02-26,28714.0
2025-02-27,28586.0
2025-02-28,28117.0
2025-03-05,27991.0
2025-03-06,28181.0
2025-03-07,28090.0
2025-03-10,27732.0
2025-03-11,27687.0
2025-03-12,27960.0
2025-03-13,28104.0
2025-03-14,28091.0
2025-03-17,27338.0
2025-03-18,27208.0
2025-03-19,27046.0
2025-03-20,26785.0
2025-03-21,26628.0
2025-03-25,26442.0
2025-03-26,26251.0
2025-03-27,26223.0
2025-03-28,25777.0
2025-03-31,24986.0
2025-04-01,25450.0
2025-04-03,25305.0
2025-04-04,25148.0
2025-04-07,24838.0
2025-04-08,24677.0
2025-04-09,24780.0
2025-04-10,24773.0
2025-04-11,24704.0
2025-04-14,24221.0
2025-04-15,36777.0
2025-04-16,38616.0
2025-04-21,38791.0
2025-04-22,38814.0
2025-04-23,38631.0
2025-04-24,39079.0
2025-04-25,39168.0
2025-04-28,39291.0
2025-04-29,39091.0
2025-04-30,38928.0
2025-05-05,38976.0
2025-05-06,38542.0
2025-05-07,38258.0
2025-05-08,38035.0
2025-05-09,38123.0
2025-05-12,38079.0
2025-05-13,38651.0
2025-05-14,38565.0
2025-05-15,38346.0
2025-05-16,38338.0
2025-05-19,38300.0
2025-05-20,38267.0
2025-05-21,38176.0
2025-05-22,38097.0
2025-05-23,38428.0
2025-05-26,38384.0
2025-05-27,38381.0
2025-05-28,38444.0
2025-05-29,38366.0
2025-05-30,36919.0
2025-06-02,37793.0
2025-06-03,37767.0
2025-06-04,38818.0
2025-06-05,38758.0
2025-06-06,38639.0
2025-06-09,38604.0
2025-06-10,38600.0
2025-06-11,38533.0
2025-06-12,38506.0
2025-06-13,40465.0
2025-06-17,40399.0
2025-06-18,40153.0
2025-06-19,40182.0
2025-06-23,40894.0
2025-06-24,41212.0
2025-06-25,41417.0
2025-06-26,41555.0
2025-06-27,41460.0
2025-06-30,39973.0
2025-07-01,41686.0
2025-07-02,41658.0
2025-07-03,41738.0
2025-07-04,41747.0
2025-07-07,41721.0
2025-07-08,39127.0
2025-07-10,38721.0
2025-07-11,39060.0
2025-07-14,39147.0
2025-07-15,39061.0
2025-07-16,39554.0
2025-07-17,39836.0
2025-07-18,40393.0
2025-07-21,40652.0
2025-07-22,40578.0
2025-07-23,40358.0
2025-07-24,40432.0
2025-07-25,40283.0
2025-07-28,40146.0
2025-07-29,41245.0
2025-07-30,40765.0
2025-07-31,38866.0
2025-08-01,41034.0
2025-08-04,43039.0
2025-08-05,42720.0
2025-08-06,42143.0
2025-08-07,41683.0
2025-08-08,42116.0
2025-08-11,41991.0
2025-08-12,41991.0
2025-08-13,42052.0
2025-08-14,41908.0
2025-08-18,41757.0
2025-08-19,41705.0
2025-08-20,41692.0
2025-08-21,41485.0
2025-08-22,41505.0
2025-08-25,41445.0
2025-08-26,41184.0
2025-08-27,41255.0
2025-08-28,40963.0
2025-08-29,39986.0
2025-09-01,40026.0
2025-09-02,40763.0
2025-09-03,40741.0
2025-09-04,40378.0
2025-09-05,40531.0
2025-09-08,40551.0
2025-09-09,40511.0
2025-09-10,40404.0
2025-09-11,40365.0
2025-09-12,40313.0
2025-09-15,39848.0
2025-09-16,39879.0
2025-09-17,39781.0
2025-09-18,39409.0
2025-09-19,39264.0
2025-09-22,39116.0
2025-09-23,39177.0
2025-09-24,39032.0
2025-09-25,39355.0
2025-09-26,41200.0
2025-09-29,41118.0
2025-09-30,40374.0
2025-10-01,42230.0
2025-10-02,42330.0
2025-10-03,42701.0
2025-10-06,42629.0
2025-10-07,42222.0
2025-10-08,42067.0
2025-10-09,42057.0
2025-10-13,42258.0
2025-10-14,41904.0
2025-10-15,41741.0
2025-10-16,41710.0
2025-10-17,41170.0
2025-10-20,41316.0
2025-10-21,40540.0
2025-10-22,40570.0
2025-10-23,40989.0
2025-10-24,41215.0
2025-10-27,41059.0
2025-10-28,40771.0
2025-10-29,40764.0
2025-10-30,40494.0
2025-10-31,39382.0
2025-11-03,40785.0
2025-11-04,40802.0
2025-11-05,41015.0
2025-11-07,40227.0
2025-11-10,40401.0
2025-11-11,40500.0
2025-11-12,40675.0
2025-11-13,40684.0
2025-11-14,40643.0
2025-11-17,40356.0
2025-11-18,40622.0
2025-11-19,40773.0
2025-11-20,40921.0
2025-11-25,41185.0
2025-11-26,41899.0
2025-11-27,41904.0
2025-11-28,40335.0
2025-12-01,41773.0
2025-12-02,41883.0
2025-12-03,41887.0
2025-12-04,41890.0
2025-12-05,41764.0
2025-12-09,41750.0
2025-12-10,41669.0
2025-12-11,41824.0
2025-12-12,41907.0
2025-12-15,42238.0
2025-12-16,42283.0
2025-12-17,42226.0
2025-12-18,42326.0
2025-12-19,42418.0
2025-12-22,42636.0
2025-12-23,43012.0
2025-12-26,43617.0
2025-12-29,41894.0
2025-12-30,41167.0
2026-01-02,43105.0
2026-01-05,43393.0
2026-01-06,44186.0
2026-01-07,44241.0
2026-01-08,44782.0
2026-01-09,44397.0
2026-01-12,44766.0
2026-01-13,44678.0
2026-01-14,44692.0
2026-01-15,44646.0
2026-01-16,44609.0
2026-01-19,44808.0
2026-01-20,44871.0
2026-01-21,45077.0
2026-01-22,45397.0
2026-01-23,45565.0
2026-01-26,45740.0
2026-01-27,45780.0
2026-01-28,46160.0
2026-01-29,46242.0
2026-01-30,44503.0
2026-02-02,45104.0
2026-02-03,45675.0
2026-02-04,45420.0
2026-02-05,44753.0
2026-02-06,44939.0
2026-02-09,45322.0
2026-02-10,45229.0
2026-02-11,45305.0
2026-02-12,45053.0
2026-02-13,45164.0
2026-02-18,45130.0
2026-02-19,44904.0
2026-02-20,46264.0
2026-02-23,46635.0
2026-02-24,46663.0
2026-02-25,46905.0
2026-02-26,46158.0
2026-02-27,45566.0
2026-03-02,46519.0
2026-03-03,46137.0
2026-03-04,46210.0
2026-03-05,45825.0
2026-03-06,46011.0
2026-03-09,45767.0
2026-03-10,46054.0
2026-03-11,45770.0
2026-03-12,45766.0
2026-03-13,45661.0
2026-03-16,44790.0
2026-03-17,44722.0
2026-03-18,44495.0
2026-03-19,43713.0
2026-03-20,43806.0
2026-03-25,43841.0
2026-03-26,43534.0
2026-03-27,43713.0
2026-03-30,43381.0
2026-03-31,42052.0
2026-04-01,44445.0
2026-04-06,44248.0
2026-04-07,44445.0
2026-04-08,44759.0
2026-04-09,45154.0
2026-04-10,45435.0
2026-04-13,45408.0
2026-04-14,45875.0
